Date,BCH,BTC,ETH,LTC,XRP
2023-01-01,96.95507049560547,16625.080078125,1200.96484375,70.81565856933594,0.3387629985809326
2023-01-02,99.31005096435547,16688.470703125,1214.6566162109375,74.86290740966797,0.3485560119152069
2023-01-03,99.64935302734375,16679.857421875,1214.77880859375,75.60272216796875,0.34382399916648865
2023-01-04,101.48273468017578,16863.23828125,1256.526611328125,75.43390655517578,0.3477939963340759
2023-01-05,101.08454895019531,16836.736328125,1250.4385986328125,74.25080871582031,0.33803901076316833
2023-01-06,101.62651062011719,16951.96875,1269.3790283203125,75.9925765991211,0.3446449935436249
2023-01-07,101.51829528808594,16955.078125,1264.2703857421875,76.37344360351562,0.34426799416542053
2023-01-08,103.42367553710938,17091.14453125,1287.3594970703125,77.6822738647461,0.3453580141067505
2023-01-09,107.11087036132812,17196.5546875,1321.5389404296875,81.747314453125,0.3493399918079376
2023-01-10,107.45953369140625,17446.29296875,1336.5860595703125,80.88751983642578,0.35124099254608154
2023-01-11,109.7518081665039,17934.896484375,1387.9327392578125,84.0703125,0.37415799498558044
2023-01-12,119.71046447753906,18869.587890625,1417.9384765625,85.96422576904297,0.37519699335098267
2023-01-13,124.35079956054688,19909.57421875,1451.6148681640625,86.34003448486328,0.3858039975166321
2023-01-14,125.94871520996094,20976.298828125,1550.7069091796875,87.81385803222656,0.39544299244880676
2023-01-15,124.90913391113281,20880.798828125,1552.4794921875,87.36553192138672,0.38488098978996277
2023-01-16,123.95055389404297,21169.6328125,1576.83349609375,85.83431243896484,0.38657599687576294
2023-01-17,122.8044662475586,21161.51953125,1567.8460693359375,87.11742401123047,0.3877109885215759
2023-01-18,119.09417724609375,20688.78125,1515.5069580078125,82.77532958984375,0.3794519901275635
2023-01-19,121.66796112060547,21086.79296875,1552.5565185546875,84.23226928710938,0.3937849998474121
2023-01-20,127.90760803222656,22676.552734375,1659.754150390625,90.49322509765625,0.41334399580955505
2023-01-21,128.22267150878906,22777.625,1627.1181640625,88.31465148925781,0.403533011674881
2023-01-22,128.63442993164062,22720.416015625,1628.382080078125,87.62997436523438,0.400967001914978
2023-01-23,133.3980712890625,22934.431640625,1628.2510986328125,90.02592468261719,0.4249430000782013
2023-01-24,128.29624938964844,22636.46875,1556.604248046875,87.202880859375,0.40770700573921204
2023-01-25,131.89364624023438,23117.859375,1611.7110595703125,89.38101196289062,0.41769298911094666
2023-01-26,134.0192108154297,23032.77734375,1603.10595703125,87.5894546508789,0.4101029932498932
2023-01-27,134.9151153564453,23078.728515625,1598.156494140625,88.84580993652344,0.41279101371765137
2023-01-28,132.6318359375,23031.08984375,1572.43505859375,89.60193634033203,0.40813401341438293
2023-01-29,136.7196807861328,23774.56640625,1646.1556396484375,95.05005645751953,0.41376399993896484
2023-01-30,130.90599060058594,22840.138671875,1567.3265380859375,91.26243591308594,0.39459100365638733
2023-01-31,133.396728515625,23139.283203125,1586.535400390625,94.30811309814453,0.4063889980316162
2023-02-01,136.29177856445312,23723.76953125,1641.792724609375,100.4436264038086,0.41389200091362
2023-02-02,136.686279296875,23471.87109375,1643.2415771484375,98.690185546875,0.40974700450897217
2023-02-03,137.89990234375,23449.322265625,1664.74560546875,99.9709243774414,0.4122050106525421
2023-02-04,138.27224731445312,23331.84765625,1667.0592041015625,98.6144790649414,0.4113050103187561
2023-02-05,134.46292114257812,22955.666015625,1631.6458740234375,96.45875549316406,0.3989369869232178
2023-02-06,131.60269165039062,22760.109375,1616.2470703125,96.06245422363281,0.3928239941596985
2023-02-07,135.96920776367188,23264.291015625,1672.0035400390625,100.92766571044922,0.403903990983963
2023-02-08,131.4954376220703,22939.3984375,1650.716796875,99.2076187133789,0.39805200695991516
2023-02-09,126.42708587646484,21819.0390625,1546.438232421875,92.09846496582031,0.38246598839759827
2023-02-10,124.68172454833984,21651.18359375,1514.869140625,93.52928161621094,0.38264501094818115
2023-02-11,124.76457977294922,21870.875,1539.9267578125,94.43054962158203,0.38400799036026
2023-02-12,122.90042877197266,21788.203125,1515.03369140625,92.39573669433594,0.3752819895744324
2023-02-13,123.85804748535156,21808.1015625,1507.1658935546875,91.12174987792969,0.3716750144958496
2023-02-14,126.73186492919922,22220.8046875,1556.8751220703125,95.68757629394531,0.382407009601593
2023-02-15,134.57415771484375,24307.841796875,1673.7459716796875,102.79530334472656,0.4013519883155823
2023-02-16,128.01425170898438,23623.474609375,1640.067626953125,98.95220184326172,0.3851569890975952
2023-02-17,133.4793243408203,24565.6015625,1694.7833251953125,100.30950927734375,0.3953019976615906
2023-02-18,136.1602783203125,24641.27734375,1691.8194580078125,99.7918472290039,0.3946300148963928
2023-02-19,135.9656524658203,24327.642578125,1681.4361572265625,97.56421661376953,0.38631701469421387
2023-02-20,144.5414276123047,24829.1484375,1702.6751708984375,95.9408187866211,0.3985249996185303
2023-02-21,145.24305725097656,24436.353515625,1658.036376953125,93.70948028564453,0.3919050097465515
2023-02-22,141.8830108642578,24188.84375,1643.231689453125,95.21892547607422,0.3955860137939453
2023-02-23,138.9110870361328,23947.4921875,1651.0738525390625,94.6919937133789,0.38912999629974365
2023-02-24,132.81246948242188,23198.126953125,1608.3731689453125,91.55509948730469,0.37847700715065
2023-02-25,133.2133331298828,23175.375,1594.9149169921875,93.2634506225586,0.3780849874019623
2023-02-26,136.25645446777344,23561.212890625,1640.817138671875,95.25562286376953,0.37804099917411804
2023-02-27,135.12850952148438,23522.87109375,1634.326416015625,94.08667755126953,0.3791149854660034
2023-02-28,131.9375,23147.353515625,1605.8951416015625,93.79277801513672,0.3771499991416931
2023-03-01,134.23985290527344,23646.55078125,1663.4337158203125,97.73766326904297,0.38387900590896606
2023-03-02,131.7173309326172,23475.466796875,1647.3193359375,95.25724029541016,0.3775799870491028
2023-03-03,126.12358856201172,22362.6796875,1569.1676025390625,90.5489730834961,0.3776710033416748
2023-03-04,124.41452026367188,22353.349609375,1566.9239501953125,89.28953552246094,0.3738130033016205
2023-03-05,124.03861236572266,22435.513671875,1564.46875,89.9533462524414,0.3671939969062805
2023-03-06,124.19681549072266,22429.7578125,1567.398681640625,87.42292022705078,0.3704710006713867
2023-03-07,122.15843963623047,22219.76953125,1561.93310546875,86.3019027709961,0.38054800033569336
2023-03-08,116.58035278320312,21718.080078125,1534.0882568359375,82.78353118896484,0.3891879916191101
2023-03-09,110.16059875488281,20363.021484375,1438.6607666015625,76.73104858398438,0.37213000655174255
2023-03-10,111.6947250366211,20187.244140625,1429.1580810546875,71.76221466064453,0.37062200903892517
2023-03-11,114.32966613769531,20632.41015625,1482.61669921875,69.70695495605469,0.3668319880962372
2023-03-12,121.01817321777344,22163.94921875,1590.29296875,76.31184387207031,0.37331798672676086
2023-03-13,127.04195404052734,24197.533203125,1680.3089599609375,81.7682876586914,0.37378600239753723
2023-03-14,131.37879943847656,24746.07421875,1703.507080078125,84.35054016113281,0.3742789924144745
2023-03-15,123.4795913696289,24375.9609375,1656.1805419921875,76.42815399169922,0.36055800318717957
2023-03-16,126.14076232910156,25052.7890625,1677.2154541015625,79.05355072021484,0.36602500081062317
2023-03-17,135.60182189941406,27423.9296875,1792.485107421875,85.5023193359375,0.3803820013999939
2023-03-18,131.30953979492188,26965.87890625,1761.65966796875,82.9837417602539,0.3744330108165741
2023-03-19,136.12599182128906,28038.67578125,1785.5765380859375,84.43609619140625,0.3884649872779846
2023-03-20,130.60391235351562,27767.236328125,1735.3212890625,78.42455291748047,0.3746280074119568
2023-03-21,134.4617462158203,28175.81640625,1806.7607421875,82.7353515625,0.46970999240875244
2023-03-22,126.23603057861328,27307.4375,1737.717041015625,87.35688781738281,0.4224799871444702
2023-03-23,128.81271362304688,28333.97265625,1816.4051513671875,93.70100402832031,0.44484999775886536
2023-03-24,123.89299011230469,27493.28515625,1752.0447998046875,93.70990753173828,0.42590200901031494
2023-03-25,125.15267944335938,27494.70703125,1743.7647705078125,91.58114624023438,0.4447160065174103
2023-03-26,124.87345886230469,27994.330078125,1775.6767578125,93.52519226074219,0.44881701469421387
2023-03-27,120.26806640625,27139.888671875,1715.4608154296875,89.24687194824219,0.47999098896980286
2023-03-28,121.0765380859375,27268.130859375,1772.78564453125,89.13937377929688,0.5150579810142517
2023-03-29,123.31118774414062,28348.44140625,1793.0018310546875,91.34173583984375,0.5435770153999329
2023-03-30,121.12210845947266,28033.5625,1792.7371826171875,89.05989074707031,0.5342490077018738
2023-03-31,124.0087890625,28478.484375,1822.0220947265625,89.68412780761719,0.5384920239448547
2023-04-01,125.57304382324219,28411.03515625,1813.860595703125,92.87535095214844,0.5147410035133362
2023-04-02,123.0359878540039,28199.30859375,1795.7081298828125,93.01597595214844,0.5189530253410339
2023-04-03,127.8363037109375,27790.220703125,1810.297119140625,93.03733825683594,0.49696001410484314
2023-04-04,127.13724517822266,28168.08984375,1871.005126953125,92.60042572021484,0.50347900390625
2023-04-05,127.248291015625,28177.984375,1909.114013671875,92.62211608886719,0.5062350034713745
2023-04-06,126.07366180419922,28044.140625,1872.922607421875,90.92915344238281,0.5032979846000671
2023-04-07,124.68407440185547,27925.859375,1865.6361083984375,90.6383285522461,0.5137360095977783
2023-04-08,123.81997680664062,27947.794921875,1849.4981689453125,89.9751968383789,0.5057160258293152
2023-04-09,125.55250549316406,28333.05078125,1859.3878173828125,90.67667388916016,0.5058339834213257
2023-04-10,127.98754119873047,29652.98046875,1911.20751953125,93.82122802734375,0.5183179974555969
2023-04-11,129.1404571533203,30235.05859375,1892.189697265625,94.31179809570312,0.5175179839134216
2023-04-12,128.86749267578125,30139.052734375,1920.68212890625,92.50415802001953,0.5061150193214417
2023-04-13,131.23565673828125,30399.06640625,2012.6346435546875,94.2594985961914,0.5132920145988464
2023-04-14,132.49490356445312,30485.69921875,2101.635498046875,96.45197296142578,0.5239930152893066
2023-04-15,132.8057861328125,30318.49609375,2092.466796875,96.86820983886719,0.5204439759254456
2023-04-16,134.45375061035156,30315.35546875,2120.005859375,100.26744842529297,0.5213919878005981
2023-04-17,131.61575317382812,29445.044921875,2076.242919921875,98.67469787597656,0.5111269950866699
2023-04-18,133.6016845703125,30397.552734375,2104.537353515625,101.8514175415039,0.532263994216919
2023-04-19,125.0929183959961,28822.6796875,1936.4034423828125,90.44068145751953,0.4915989935398102
2023-04-20,123.1105728149414,28245.98828125,1943.09765625,90.23965454101562,0.47485798597335815
2023-04-21,119.75077056884766,27276.91015625,1849.9998779296875,85.51734161376953,0.449396014213562
2023-04-22,122.23889923095703,27817.5,1874.2286376953125,87.09852600097656,0.47266098856925964
2023-04-23,119.92919158935547,27591.384765625,1862.06201171875,86.89732360839844,0.4650160074234009
2023-04-24,119.3284683227539,27525.33984375,1842.7574462890625,88.40734100341797,0.4612730145454407
2023-04-25,120.19910430908203,28307.59765625,1866.753662109375,91.10834503173828,0.46999499201774597
2023-04-26,117.64835357666016,28422.701171875,1866.564208984375,88.25418853759766,0.46203699707984924
2023-04-27,117.19754791259766,29473.787109375,1908.786376953125,89.68881225585938,0.46686801314353943
2023-04-28,118.1279525756836,29340.26171875,1892.5128173828125,89.73138427734375,0.48027101159095764
2023-04-29,119.74381256103516,29248.48828125,1908.9169921875,91.08751678466797,0.4784089922904968
2023-04-30,118.2165756225586,29268.806640625,1876.92431640625,88.53362274169922,0.4723320007324219
2023-05-01,116.97727966308594,28091.568359375,1831.954833984375,86.74261474609375,0.4649659991264343
2023-05-02,119.24887084960938,28680.537109375,1870.789306640625,88.29579162597656,0.4649510085582733
2023-05-03,120.1817855834961,29006.30859375,1904.65185546875,88.89485168457031,0.4634940028190613
2023-05-04,117.41165924072266,28847.7109375,1877.7041015625,88.49445343017578,0.4615730047225952
2023-05-05,120.19355773925781,29534.384765625,1995.0609130859375,88.83866882324219,0.46779999136924744
2023-05-06,117.20550537109375,28904.623046875,1900.2218017578125,83.63143920898438,0.4595490097999573
2023-05-07,116.38961791992188,28454.978515625,1873.076416015625,83.5726089477539,0.45036399364471436
2023-05-08,111.40475463867188,27694.2734375,1849.042724609375,77.8734359741211,0.42891499400138855
2023-05-09,121.97784423828125,27658.775390625,1848.6031494140625,80.0215835571289,0.4298880100250244
2023-05-10,116.04965209960938,27621.755859375,1842.4014892578125,81.06997680664062,0.43087300658226013
2023-05-11,113.51126861572266,27000.7890625,1796.4906005859375,81.04087829589844,0.42187899351119995
2023-05-12,114.97211456298828,26804.990234375,1808.019775390625,80.50313568115234,0.43071800470352173
2023-05-13,113.11613464355469,26784.078125,1796.1148681640625,80.30570220947266,0.424903005361557
2023-05-14,115.3438491821289,26930.638671875,1800.5009765625,83.44429779052734,0.4258599877357483
2023-05-15,116.27071380615234,27192.693359375,1817.5499267578125,87.06656646728516,0.42756199836730957
2023-05-16,116.86369323730469,27036.650390625,1824.1214599609375,89.85771942138672,0.4414219856262207
2023-05-17,118.00822448730469,27398.802734375,1821.859619140625,93.88973236083984,0.4485889971256256
2023-05-18,115.42849731445312,26832.208984375,1801.728515625,90.54290771484375,0.46029898524284363
2023-05-19,115.52147674560547,26890.12890625,1812.5894775390625,91.70238494873047,0.4679819941520691
2023-05-20,116.541748046875,27129.5859375,1820.47802734375,92.3713150024414,0.46908101439476013
2023-05-21,114.65476989746094,26753.826171875,1804.5313720703125,92.27886962890625,0.4575499892234802
2023-05-22,114.77024841308594,26851.27734375,1817.5347900390625,90.94607543945312,0.46160098910331726
2023-05-23,115.65068054199219,27225.7265625,1854.380615234375,91.63233184814453,0.46542999148368835
2023-05-24,112.18870544433594,26334.818359375,1800.0999755859375,86.0003662109375,0.45360898971557617
2023-05-25,111.94451904296875,26476.20703125,1805.9537353515625,86.60067749023438,0.45373401045799255
2023-05-26,113.27008819580078,26719.291015625,1828.689697265625,87.26806640625,0.4691399931907654
2023-05-27,113.9607162475586,26868.353515625,1831.1182861328125,88.65031433105469,0.4722450077533722
2023-05-28,116.52263641357422,28085.646484375,1910.9141845703125,91.57996368408203,0.48288899660110474
2023-05-29,114.98091125488281,27745.884765625,1893.078125,91.00045776367188,0.4941509962081909
2023-05-30,114.1355972290039,27702.349609375,1901.026611328125,92.32611083984375,0.5219380259513855
2023-05-31,113.2657241821289,27219.658203125,1874.1304931640625,90.53900909423828,0.5173860192298889
2023-06-01,113.36608123779297,26819.97265625,1862.201416015625,93.97233581542969,0.5073170065879822
2023-06-02,114.82804107666016,27249.58984375,1907.256591796875,95.4177474975586,0.5253869891166687
2023-06-03,114.92384338378906,27075.12890625,1892.4124755859375,95.99313354492188,0.5193510055541992
2023-06-04,115.72877502441406,27119.06640625,1890.5135498046875,94.2899169921875,0.5359110236167908
2023-06-05,108.79646301269531,25760.09765625,1811.828369140625,87.83460235595703,0.5103939771652222
2023-06-06,114.7855453491211,27238.783203125,1884.494873046875,90.92071533203125,0.5304639935493469
2023-06-07,111.18528747558594,26345.998046875,1832.39599609375,88.848388671875,0.5196279883384705
2023-06-08,111.77751159667969,26508.216796875,1846.3018798828125,88.46656036376953,0.5245460271835327
2023-06-09,110.77734375,26480.375,1840.2252197265625,89.2320327758789,0.5379170179367065
2023-06-10,103.61753845214844,25851.240234375,1752.384765625,77.3517074584961,0.5081989765167236
2023-06-11,102.82831573486328,25940.16796875,1753.415283203125,77.69893646240234,0.5212209820747375
2023-06-12,102.72838592529297,25902.5,1742.5286865234375,77.548095703125,0.52572101354599
2023-06-13,105.27336883544922,25918.728515625,1739.03759765625,77.4438247680664,0.5200859904289246
2023-06-14,101.79300689697266,25124.67578125,1650.519287109375,73.16329193115234,0.4802199900150299
2023-06-15,104.71800994873047,25576.39453125,1665.519775390625,74.52643585205078,0.4801180064678192
2023-06-16,108.06197357177734,26327.462890625,1716.6688232421875,76.04912567138672,0.47574299573898315
2023-06-17,106.69098663330078,26510.67578125,1727.2041015625,76.91241455078125,0.47979000210762024
2023-06-18,107.03558349609375,26336.212890625,1720.5775146484375,77.17825317382812,0.4875729978084564
2023-06-19,106.7096939086914,26851.029296875,1737.659423828125,77.42202758789062,0.49339500069618225
2023-06-20,109.89054870605469,28327.48828125,1792.1199951171875,80.30889892578125,0.4928700029850006
2023-06-21,136.005615234375,30027.296875,1891.0072021484375,85.14774322509766,0.500694990158081
2023-06-22,133.963623046875,29912.28125,1872.9429931640625,86.07022094726562,0.4949750006198883
2023-06-23,181.7744598388672,30695.46875,1892.862060546875,91.20945739746094,0.4965659976005554
2023-06-24,213.7257537841797,30548.6953125,1876.0596923828125,89.74402618408203,0.48731300234794617
2023-06-25,195.39999389648438,30480.26171875,1900.506103515625,88.2751693725586,0.4902769923210144
2023-06-26,223.4814453125,30271.130859375,1859.432861328125,87.27570343017578,0.47933200001716614
2023-06-27,230.1822509765625,30688.1640625,1889.703369140625,87.99827575683594,0.4838399887084961
2023-06-28,225.38499450683594,30086.24609375,1827.97119140625,83.06114959716797,0.46522200107574463
2023-06-29,253.4472198486328,30445.3515625,1852.227294921875,84.77587127685547,0.4747219979763031
2023-06-30,305.0069580078125,30477.251953125,1933.18896484375,108.16532897949219,0.4740369915962219
2023-07-01,290.7802734375,30590.078125,1924.56591796875,107.22920227050781,0.47352200746536255
2023-07-02,298.8141174316406,30620.76953125,1937.4383544921875,113.21729278564453,0.4844929873943329
2023-07-03,288.7218322753906,31156.439453125,1955.38916015625,106.94577026367188,0.4895470142364502
2023-07-04,272.4275817871094,30777.58203125,1936.633544921875,104.71099090576172,0.48784199357032776
2023-07-05,271.9447021484375,30514.166015625,1910.5880126953125,102.6939926147461,0.4782719910144806
2023-07-06,277.2987365722656,29909.337890625,1848.636474609375,95.66722869873047,0.4637390077114105
2023-07-07,278.42181396484375,30342.265625,1870.6025390625,98.24247741699219,0.468764990568161
2023-07-08,271.9184875488281,30292.541015625,1865.53955078125,97.8747787475586,0.4706439971923828
2023-07-09,265.5489807128906,30171.234375,1863.009765625,95.17955017089844,0.4685499966144562
2023-07-10,274.58551025390625,30414.470703125,1880.556396484375,96.7313461303711,0.4776639938354492
2023-07-11,274.0305480957031,30620.951171875,1878.3360595703125,96.78643798828125,0.47571900486946106
2023-07-12,282.50115966796875,30391.646484375,1872.11376953125,96.28018188476562,0.47110500931739807
2023-07-13,274.3050231933594,31476.048828125,2006.511474609375,101.92713928222656,0.8153650164604187
2023-07-14,264.3955078125,30334.068359375,1939.3470458984375,95.15866088867188,0.7191569805145264
2023-07-15,253.33291625976562,30295.806640625,1931.466552734375,94.7518081665039,0.7132790088653564
2023-07-16,249.92123413085938,30249.1328125,1923.681884765625,92.90528106689453,0.7468600273132324
2023-07-17,242.3697052001953,30145.888671875,1911.6461181640625,92.29344940185547,0.739205002784729
2023-07-18,244.37628173828125,29856.5625,1897.5992431640625,91.50321960449219,0.7795400023460388
2023-07-19,244.3693389892578,29913.923828125,1889.0079345703125,92.16179656982422,0.8206940293312073
2023-07-20,244.0637969970703,29792.015625,1890.9691162109375,92.3820571899414,0.7940580248832703
2023-07-21,246.22056579589844,29908.744140625,1892.080078125,94.05186462402344,0.7725020051002502
2023-07-22,239.2456817626953,29771.802734375,1864.912353515625,92.051513671875,0.73328697681427
2023-07-23,249.65774536132812,30084.5390625,1889.191650390625,93.25886535644531,0.7386829853057861
2023-07-24,238.61561584472656,29176.916015625,1850.0020751953125,89.1534652709961,0.7027649879455566
2023-07-25,237.52088928222656,29227.390625,1857.741943359375,89.53140258789062,0.7095999717712402
2023-07-26,241.8631134033203,29354.97265625,1872.159912109375,90.62142181396484,0.7157989740371704
2023-07-27,244.65963745117188,29210.689453125,1860.357177734375,90.49376678466797,0.7136459946632385
2023-07-28,241.77761840820312,29319.24609375,1874.744873046875,91.53057098388672,0.7125679850578308
2023-07-29,242.0587921142578,29356.91796875,1881.06884765625,94.59809112548828,0.7127389907836914
2023-07-30,252.8351287841797,29275.30859375,1861.643798828125,94.09105682373047,0.7051360011100769
2023-07-31,248.18545532226562,29230.111328125,1856.162353515625,92.24313354492188,0.6985210180282593
2023-08-01,244.7663116455078,29675.732421875,1871.7921142578125,93.82040405273438,0.7072110176086426
2023-08-02,228.94781494140625,29151.958984375,1839.0897216796875,87.48905944824219,0.6851950287818909
2023-08-03,225.4103240966797,29178.6796875,1835.136474609375,82.70779418945312,0.6641349792480469
2023-08-04,227.18479919433594,29074.091796875,1827.712890625,82.07891082763672,0.6355389952659607
2023-08-05,226.7115936279297,29042.126953125,1834.9879150390625,83.1055908203125,0.6284229755401611
2023-08-06,222.56349182128906,29041.85546875,1827.4620361328125,82.4717025756836,0.6230869889259338
2023-08-07,237.73924255371094,29180.578125,1826.9388427734375,82.34452056884766,0.6219310164451599
2023-08-08,239.6984405517578,29765.4921875,1855.807373046875,83.95689392089844,0.6424059867858887
2023-08-09,238.32643127441406,29561.494140625,1854.297607421875,84.0372085571289,0.6433650255203247
2023-08-10,231.9976043701172,29429.591796875,1850.75341796875,83.0334701538086,0.6329860091209412
2023-08-11,228.98910522460938,29397.71484375,1847.1243896484375,83.49586486816406,0.6316750049591064
2023-08-12,228.5760498046875,29415.96484375,1848.889892578125,83.44852447509766,0.6272050142288208
2023-08-13,228.3480682373047,29282.9140625,1839.2801513671875,81.97803497314453,0.6261019706726074
2023-08-14,230.12991333007812,29408.443359375,1844.185791015625,82.0685806274414,0.6342819929122925
2023-08-15,228.54771423339844,29170.34765625,1826.9327392578125,79.27375030517578,0.6095989942550659
2023-08-16,207.95086669921875,28701.779296875,1805.6590576171875,74.4788589477539,0.5883280038833618
2023-08-17,184.4539794921875,26664.55078125,1684.9334716796875,65.08576202392578,0.5071420073509216
2023-08-18,187.28445434570312,26049.556640625,1660.945068359375,64.08291625976562,0.5060999989509583
2023-08-19,186.96714782714844,26096.205078125,1669.471923828125,64.10386657714844,0.5196290016174316
2023-08-20,188.9172821044922,26189.583984375,1684.85205078125,65.25251007080078,0.5395470261573792
2023-08-21,186.077392578125,26124.140625,1667.26904296875,66.95868682861328,0.524537980556488
2023-08-22,184.73858642578125,26031.65625,1633.892578125,64.7702865600586,0.5209299921989441
2023-08-23,193.66152954101562,26431.640625,1679.2744140625,65.61077880859375,0.5299019813537598
2023-08-24,194.4614715576172,26162.373046875,1659.944580078125,64.8792724609375,0.5184130072593689
2023-08-25,192.05203247070312,26047.66796875,1652.93505859375,65.1119155883789,0.5262460112571716
2023-08-26,190.15110778808594,26008.462890625,1646.3067626953125,65.0107192993164,0.5234699845314026
2023-08-27,198.01083374023438,26089.693359375,1657.5130615234375,65.36711120605469,0.5238440036773682
2023-08-28,190.41270446777344,26106.150390625,1652.4573974609375,65.5425033569336,0.523248016834259
2023-08-29,224.17674255371094,27727.392578125,1729.7257080078125,68.89247131347656,0.5400649905204773
2023-08-30,215.93649291992188,27297.265625,1705.1121826171875,67.65953063964844,0.528194010257721
2023-08-31,207.48777770996094,25931.47265625,1645.63916015625,63.951377868652344,0.510798990726471
2023-09-01,199.63319396972656,25800.724609375,1628.4912109375,63.00745391845703,0.498075008392334
2023-09-02,195.1054229736328,25868.798828125,1637.025390625,64.56063079833984,0.4990909993648529
2023-09-03,196.30442810058594,25969.56640625,1636.11767578125,63.93811798095703,0.5050489902496338
2023-09-04,193.5686492919922,25812.416015625,1629.6552734375,63.70868682861328,0.5083749890327454
2023-09-05,192.0220489501953,25779.982421875,1633.62939453125,63.123634338378906,0.5054110288619995
2023-09-06,193.0559844970703,25753.236328125,1632.2523193359375,62.84352493286133,0.5032430291175842
2023-09-07,193.3433074951172,26240.1953125,1647.5982666015625,63.62236785888672,0.5048570036888123
2023-09-08,193.10623168945312,25905.654296875,1636.1378173828125,62.57698059082031,0.5048499703407288
2023-09-09,193.10830688476562,25895.677734375,1635.162353515625,63.08150863647461,0.5038549900054932
2023-09-10,190.58035278320312,25832.2265625,1616.828857421875,61.12152862548828,0.49781399965286255
2023-09-11,183.90966796875,25162.654296875,1551.6376953125,58.837158203125,0.474373996257782
2023-09-12,198.82443237304688,25833.34375,1592.429443359375,60.01279067993164,0.4807380139827728
2023-09-13,199.8748779296875,26228.32421875,1607.988525390625,62.00352096557617,0.48377498984336853
2023-09-14,207.90626525878906,26539.673828125,1626.974365234375,62.808536529541016,0.48945701122283936
2023-09-15,217.23646545410156,26608.693359375,1641.640380859375,65.99552917480469,0.5008749961853027
2023-09-16,215.16744995117188,26568.28125,1635.2216796875,65.33952331542969,0.49987998604774475
2023-09-17,209.76336669921875,26534.1875,1622.896728515625,63.57822799682617,0.4930410087108612
2023-09-18,217.423828125,26754.28125,1637.3470458984375,65.89459991455078,0.5032029747962952
2023-09-19,219.08657836914062,27211.1171875,1643.544677734375,67.33423614501953,0.5141509771347046
2023-09-20,215.49688720703125,27132.0078125,1622.890625,64.56434631347656,0.5213549733161926
2023-09-21,208.66839599609375,26567.6328125,1584.3070068359375,64.69098663330078,0.5071790218353271
2023-09-22,207.82501220703125,26579.568359375,1593.268310546875,64.33540344238281,0.5125100016593933
2023-09-23,208.16177368164062,26579.390625,1593.8577880859375,65.08039093017578,0.5080339908599854
2023-09-24,204.7707061767578,26256.826171875,1580.8533935546875,63.58713912963867,0.5023880004882812
2023-09-25,210.32069396972656,26298.48046875,1588.3228759765625,64.33724212646484,0.5054609775543213
2023-09-26,214.23219299316406,26217.25,1593.417236328125,63.75851058959961,0.5017079710960388
2023-09-27,228.83692932128906,26352.716796875,1597.4912109375,63.486812591552734,0.4995970129966736
2023-09-28,239.1876983642578,27021.546875,1652.8826904296875,65.23880767822266,0.5095250010490417
2023-09-29,235.29722595214844,26911.720703125,1667.94384765625,65.63209533691406,0.5217189788818359
2023-09-30,234.35104370117188,26967.916015625,1671.161865234375,66.06964874267578,0.515404999256134
2023-10-01,242.1915283203125,27983.75,1733.8104248046875,68.23331451416016,0.5242040157318115
2023-10-02,246.634033203125,27530.78515625,1663.6275634765625,66.01112365722656,0.51283198595047
2023-10-03,230.07504272460938,27429.978515625,1656.6856689453125,65.49351501464844,0.5383870005607605
2023-10-04,233.37852478027344,27799.39453125,1647.838134765625,64.45206451416016,0.5329310297966003
2023-10-05,231.29092407226562,27415.912109375,1611.4764404296875,64.8587646484375,0.5233659744262695
2023-10-06,230.99559020996094,27946.59765625,1645.83154296875,65.53318786621094,0.5261930227279663
2023-10-07,230.31724548339844,27968.83984375,1634.51123046875,65.48564147949219,0.5219060182571411
2023-10-08,228.08560180664062,27935.08984375,1633.548583984375,65.36454772949219,0.5179610252380371
2023-10-09,218.43971252441406,27583.677734375,1579.806640625,63.11105728149414,0.5032269954681396
2023-10-10,212.49974060058594,27391.01953125,1567.7130126953125,63.621070861816406,0.497435986995697
2023-10-11,214.02792358398438,26873.3203125,1566.2547607421875,61.499820709228516,0.48883798718452454
2023-10-12,213.98365783691406,26756.798828125,1539.6124267578125,61.12781524658203,0.48304998874664307
2023-10-13,217.254150390625,26862.375,1552.0894775390625,61.574058532714844,0.48569899797439575
2023-10-14,214.63487243652344,26861.70703125,1555.2568359375,61.665157318115234,0.4867750108242035
2023-10-15,215.15821838378906,27159.65234375,1558.06982421875,61.65643310546875,0.4878459870815277
2023-10-16,231.42636108398438,28519.466796875,1600.5343017578125,63.337162017822266,0.49797698855400085
2023-10-17,226.79425048828125,28415.748046875,1565.4395751953125,62.16300964355469,0.49169400334358215
2023-10-18,227.14825439453125,28328.341796875,1563.7498779296875,60.276973724365234,0.4883190095424652
2023-10-19,227.4677276611328,28719.806640625,1567.45703125,61.786651611328125,0.52012699842453
2023-10-20,240.6028289794922,29682.94921875,1604.6668701171875,63.41781997680664,0.5160040259361267
2023-10-21,243.60321044921875,29918.412109375,1629.304443359375,64.73554229736328,0.5212429761886597
2023-10-22,243.489501953125,29993.896484375,1663.429931640625,65.19058227539062,0.5224869847297668
2023-10-23,260.6100769042969,33086.234375,1765.3826904296875,68.99109649658203,0.5468699932098389
2023-10-24,251.6548309326172,33901.52734375,1784.4375,69.0318603515625,0.5585319995880127
2023-10-25,254.08761596679688,34502.8203125,1787.3975830078125,68.6949234008789,0.5553060173988342
2023-10-26,247.45997619628906,34156.6484375,1804.039306640625,68.85438537597656,0.5536829829216003
2023-10-27,239.43643188476562,33909.80078125,1780.0452880859375,67.05579376220703,0.5461069941520691
2023-10-28,244.94923400878906,34089.57421875,1776.6181640625,67.78277587890625,0.5453910231590271
2023-10-29,246.32803344726562,34538.48046875,1795.5460205078125,68.80084228515625,0.5563939809799194
2023-10-30,246.09274291992188,34502.36328125,1810.088623046875,69.25083923339844,0.5789440274238586
2023-10-31,244.8642578125,34667.78125,1816.458984375,68.9495620727539,0.6002820134162903
2023-11-01,245.07037353515625,35437.25390625,1847.0897216796875,69.93502044677734,0.6095380187034607
2023-11-02,235.52210998535156,34938.2421875,1800.6209716796875,69.39419555664062,0.6064389944076538
2023-11-03,237.716064453125,34732.32421875,1832.795166015625,69.49114227294922,0.6130020022392273
2023-11-04,240.33096313476562,35082.1953125,1857.6986083984375,70.47209930419922,0.6161839962005615
2023-11-05,238.23455810546875,35049.35546875,1894.15771484375,71.66265106201172,0.6611469984054565
2023-11-06,242.87181091308594,35037.37109375,1899.83740234375,74.48286437988281,0.715516984462738
2023-11-07,244.0255889892578,35443.5625,1888.124267578125,73.56438446044922,0.6864020228385925
2023-11-08,245.68943786621094,35655.27734375,1889.3223876953125,73.17993927001953,0.6880760192871094
2023-11-09,239.7634735107422,36693.125,2120.56103515625,73.75221252441406,0.6674749851226807
2023-11-10,239.92774963378906,37313.96875,2078.289794921875,73.30500030517578,0.6605749726295471
2023-11-11,236.4889678955078,37138.05078125,2052.7138671875,75.17430877685547,0.6627349853515625
2023-11-12,236.5060272216797,37054.51953125,2045.18701171875,74.89127349853516,0.6615359783172607
2023-11-13,234.7109832763672,36502.35546875,2055.265380859375,71.49154663085938,0.6715239882469177
2023-11-14,231.65615844726562,35537.640625,1979.0526123046875,70.63526153564453,0.6296730041503906
2023-11-15,238.07025146484375,37880.58203125,2060.408447265625,74.080322265625,0.6496480107307434
2023-11-16,234.1369171142578,36154.76953125,1960.881591796875,71.1790542602539,0.61216801404953
2023-11-17,229.26284790039062,36596.68359375,1961.28076171875,70.18233489990234,0.6137170195579529
2023-11-18,227.48513793945312,36585.703125,1963.2850341796875,69.89380645751953,0.6111890077590942
2023-11-19,230.48040771484375,37386.546875,2013.2044677734375,70.64031219482422,0.627498984336853
2023-11-20,226.49826049804688,37476.95703125,2022.2391357421875,69.51773834228516,0.6128420233726501
2023-11-21,217.1041717529297,35813.8125,1937.0667724609375,66.45738220214844,0.5804619789123535
2023-11-22,224.07984924316406,37432.33984375,2064.42529296875,68.7055892944336,0.6118990182876587
2023-11-23,225.28274536132812,37289.62109375,2062.210693359375,69.512451171875,0.6202419996261597
2023-11-24,226.50843811035156,37720.28125,2081.152099609375,70.73595428466797,0.6218810081481934
2023-11-25,227.51412963867188,37796.79296875,2084.4130859375,71.83336639404297,0.6234440207481384
2023-11-26,226.91014099121094,37479.12109375,2063.2861328125,70.05899047851562,0.6168190240859985
2023-11-27,223.3904266357422,37254.16796875,2027.4173583984375,69.2423324584961,0.6041529774665833
2023-11-28,223.45953369140625,37831.0859375,2049.338134765625,69.73725128173828,0.6114220023155212
2023-11-29,223.29359436035156,37858.4921875,2029.92919921875,69.98934936523438,0.609358012676239
2023-11-30,221.5819091796875,37712.74609375,2052.55615234375,69.4455795288086,0.606357991695404
2023-12-01,225.21685791015625,38688.75,2087.139892578125,71.54496765136719,0.6129149794578552
2023-12-02,228.1851348876953,39476.33203125,2165.7041015625,72.27222442626953,0.6209759712219238
2023-12-03,230.08058166503906,39978.390625,2193.691650390625,72.25643157958984,0.6237229704856873
2023-12-04,251.2904815673828,41980.09765625,2243.2158203125,72.82166290283203,0.6243739724159241
2023-12-05,251.51113891601562,44080.6484375,2293.841796875,74.29119873046875,0.6219969987869263
2023-12-06,244.5463104248047,43746.4453125,2231.661376953125,72.41529083251953,0.6403329968452454
2023-12-07,246.98426818847656,43292.6640625,2357.57958984375,74.05846405029297,0.6436319947242737
2023-12-08,253.6110076904297,44166.6015625,2358.73193359375,78.39876556396484,0.6731380224227905
2023-12-09,252.7654571533203,43725.984375,2341.17529296875,76.27754974365234,0.658814013004303
2023-12-10,250.95263671875,43779.69921875,2352.462646484375,77.14188385009766,0.6615779995918274
2023-12-11,230.49122619628906,41243.83203125,2224.578857421875,72.65074920654297,0.6202110052108765
2023-12-12,232.0464324951172,41450.22265625,2202.0380859375,72.4129867553711,0.6195489764213562
2023-12-13,235.4631805419922,42890.7421875,2260.648681640625,73.1978530883789,0.6284859776496887
2023-12-14,237.323974609375,43023.97265625,2316.5791015625,72.96341705322266,0.6324319839477539
2023-12-15,226.94537353515625,41929.7578125,2219.33740234375,70.95587921142578,0.6154919862747192
2023-12-16,229.6128692626953,42240.1171875,2226.926513671875,72.13298034667969,0.6198350191116333
2023-12-17,225.9416961669922,41364.6640625,2196.481201171875,71.23487091064453,0.6104180216789246
2023-12-18,227.93328857421875,42623.5390625,2217.2734375,70.80284118652344,0.612529993057251
2023-12-19,225.1953125,42270.52734375,2177.87255859375,70.61455535888672,0.6054559946060181
2023-12-20,229.5563507080078,43652.25,2201.911376953125,69.80497741699219,0.6173189878463745
2023-12-21,233.1860809326172,43869.15234375,2239.54248046875,70.92453002929688,0.6239100098609924
2023-12-22,238.72718811035156,43997.90234375,2326.52490234375,73.7297134399414,0.6254019737243652
2023-12-23,233.23106384277344,43739.54296875,2309.04638671875,72.5406265258789,0.6202049851417542
2023-12-24,229.19573974609375,43016.1171875,2265.692138671875,71.17471313476562,0.6135179996490479
2023-12-25,234.9774627685547,43613.140625,2272.561767578125,72.27528381347656,0.6463369727134705
2023-12-26,229.1773223876953,42520.40234375,2231.46533203125,73.15052032470703,0.6223689913749695
2023-12-27,264.08685302734375,43442.85546875,2378.739990234375,75.85030364990234,0.6348559856414795
2023-12-28,262.49664306640625,42627.85546875,2347.566162109375,76.72232818603516,0.6349980235099792
2023-12-29,254.51272583007812,42099.40234375,2300.690673828125,73.40414428710938,0.6234019994735718
2023-12-30,271.1043395996094,42156.90234375,2292.0654296875,73.31273651123047,0.6218439936637878
2023-12-31,259.262939453125,42265.1875,2281.47119140625,72.7984390258789,0.6149410009384155
2024-01-01,266.6159362792969,44167.33203125,2352.327880859375,74.73192596435547,0.6300820112228394
2024-01-02,256.9635009765625,44957.96875,2355.83642578125,72.98407745361328,0.6253629922866821
2024-01-03,233.9602508544922,42848.17578125,2210.761962890625,65.30164337158203,0.5825799703598022
2024-01-04,239.56756591796875,44179.921875,2269.0380859375,66.49139404296875,0.5882260203361511
2024-01-05,239.58287048339844,44162.69140625,2268.647216796875,66.02114868164062,0.5764859914779663
2024-01-06,236.0817413330078,43989.1953125,2241.624755859375,65.67607879638672,0.5685120224952698
2024-01-07,232.1685028076172,43943.09765625,2222.865966796875,64.2574691772461,0.5517410039901733
2024-01-08,253.89999389648438,46970.50390625,2333.03271484375,67.80654907226562,0.5779229998588562
2024-01-09,245.189453125,46139.73046875,2344.8271484375,66.94928741455078,0.5666329860687256
2024-01-10,254.23910522460938,46627.77734375,2582.103515625,69.89013671875,0.5999889969825745
2024-01-11,276.5281066894531,46368.5859375,2619.619140625,71.9844741821289,0.6020950078964233
2024-01-12,259.45550537109375,42853.16796875,2524.460205078125,72.90021514892578,0.5702990293502808
2024-01-13,254.2232208251953,42842.3828125,2576.597900390625,71.98751068115234,0.575078010559082
2024-01-14,246.0057830810547,41796.26953125,2472.2412109375,69.81559753417969,0.5762330293655396
2024-01-15,250.4188995361328,42511.96875,2511.36376953125,69.255615234375,0.5759199857711792
2024-01-16,251.1593017578125,43154.9453125,2587.691162109375,69.47465515136719,0.5759469866752625
2024-01-17,244.05238342285156,42742.65234375,2528.369384765625,69.38614654541016,0.5679730176925659
2024-01-18,237.42599487304688,41262.05859375,2467.018798828125,67.99267578125,0.5519070029258728
2024-01-19,236.43170166015625,41618.40625,2489.49853515625,71.1841812133789,0.5442559719085693
2024-01-20,238.890869140625,41665.5859375,2469.589111328125,71.29741668701172,0.5531259775161743
2024-01-21,236.9248504638672,41545.78515625,2453.9130859375,71.60008239746094,0.546110987663269
2024-01-22,235.01434326171875,39507.3671875,2310.826416015625,67.28827667236328,0.5267159938812256
2024-01-23,229.54351806640625,39845.55078125,2240.68603515625,65.44943237304688,0.5177369713783264
2024-01-24,236.37936401367188,40077.07421875,2233.561767578125,66.14016723632812,0.5179880261421204
2024-01-25,236.7863311767578,39933.80859375,2217.710205078125,65.49899291992188,0.5136060118675232
2024-01-26,242.0111083984375,41816.87109375,2267.19970703125,67.03406524658203,0.5321890115737915
2024-01-27,243.7912139892578,42120.0546875,2267.885986328125,68.08456420898438,0.5302600264549255
2024-01-28,236.90118408203125,42035.59375,2257.208740234375,68.39750671386719,0.5240939855575562
2024-01-29,241.2978515625,43288.24609375,2317.064208984375,68.45301055908203,0.5350900292396545
2024-01-30,237.38525390625,42952.609375,2344.49365234375,67.51202392578125,0.5106980204582214
2024-01-31,234.25437927246094,42582.60546875,2282.54443359375,66.75304412841797,0.5031930208206177
2024-02-01,236.6152801513672,43075.7734375,2303.82470703125,67.51658630371094,0.5058590173721313
2024-02-02,236.2069091796875,43185.859375,2308.0380859375,68.0035171508789,0.5104119777679443
2024-02-03,240.6577911376953,42992.25,2296.038330078125,68.83683776855469,0.5189390182495117
2024-02-04,235.22705078125,42583.58203125,2289.546142578125,66.93138885498047,0.5032879710197449
2024-02-05,235.43984985351562,42658.66796875,2298.888916015625,67.61941528320312,0.5062440037727356
2024-02-06,235.18617248535156,43084.671875,2372.201904296875,68.29098510742188,0.5051530003547668
2024-02-07,240.5064697265625,44318.22265625,2423.7451171875,68.5560302734375,0.5137889981269836
2024-02-08,244.4889373779297,45301.56640625,2419.906494140625,70.5627670288086,0.5145289897918701
2024-02-09,250.30352783203125,47147.19921875,2487.515625,70.67704772949219,0.5260310173034668
2024-02-10,247.73220825195312,47771.27734375,2501.228271484375,70.80987548828125,0.5241119861602783
2024-02-11,276.5019226074219,48293.91796875,2507.570556640625,71.54000091552734,0.5260840058326721
2024-02-12,280.8579406738281,49958.22265625,2658.115966796875,72.93286895751953,0.5318970084190369
2024-02-13,270.8520812988281,49742.44140625,2642.185302734375,69.00106048583984,0.5248349905014038
2024-02-14,281.26165771484375,51826.6953125,2777.90234375,69.89627838134766,0.5384010076522827
2024-02-15,270.6659240722656,51938.5546875,2824.37890625,69.81148529052734,0.5627549886703491
2024-02-16,274.8199768066406,52160.203125,2803.69140625,70.6171646118164,0.5649600028991699
2024-02-17,267.4199523925781,51662.99609375,2786.672607421875,69.9896240234375,0.5498859882354736
2024-02-18,270.41644287109375,52122.546875,2878.998046875,70.7302474975586,0.5569030046463013
2024-02-19,273.10345458984375,51779.14453125,2943.57470703125,71.31204223632812,0.5625969767570496
2024-02-20,265.4651794433594,52284.875,3013.503662109375,69.65516662597656,0.5629220008850098
2024-02-21,263.1250915527344,51839.1796875,2970.35546875,68.93756103515625,0.5490040183067322
2024-02-22,260.16876220703125,51304.97265625,2971.00732421875,68.76451873779297,0.540913999080658
2024-02-23,264.54486083984375,50731.94921875,2921.658203125,68.82816314697266,0.5345339775085449
2024-02-24,267.6621398925781,51571.1015625,2992.385986328125,70.3870620727539,0.545117974281311
2024-02-25,267.8255920410156,51733.23828125,3112.697265625,70.08211517333984,0.5424249768257141
2024-02-26,274.89813232421875,54522.40234375,3178.99365234375,71.9378890991211,0.5514050126075745
2024-02-27,292.5193786621094,57085.37109375,3244.519287109375,74.03375244140625,0.5862579941749573
2024-02-28,296.7937927246094,62504.7890625,3385.703857421875,74.59254455566406,0.5758110284805298
2024-02-29,298.5623779296875,61198.3828125,3341.919677734375,79.9408950805664,0.5863249897956848
2024-03-01,316.1250305175781,62440.6328125,3435.053955078125,85.08411407470703,0.6018900275230408
2024-03-02,500.8060607910156,62029.84765625,3422.0498046875,94.41902923583984,0.64485102891922
2024-03-03,469.36279296875,63167.37109375,3490.99365234375,90.66835021972656,0.6270719766616821
2024-03-04,470.42315673828125,68330.4140625,3630.433837890625,88.93545532226562,0.6501330137252808
2024-03-05,401.4908447265625,63801.19921875,3554.964599609375,82.04119873046875,0.5929009914398193
2024-03-06,415.1284484863281,66106.8046875,3819.226318359375,85.82997131347656,0.6122530102729797
2024-03-07,432.400634765625,66925.484375,3874.34765625,88.10804748535156,0.6286240220069885
2024-03-08,437.76837158203125,68300.09375,3892.06103515625,88.63076782226562,0.6219549775123596
2024-03-09,433.648193359375,68498.8828125,3915.4189453125,90.8468017578125,0.6218050122261047
2024-03-10,423.9754333496094,69019.7890625,3881.193115234375,87.50755310058594,0.6084319949150085
2024-03-11,448.73834228515625,72123.90625,4066.445068359375,103.7921142578125,0.7180359959602356
2024-03-12,434.3209533691406,71481.2890625,3980.273193359375,97.53800201416016,0.6882089972496033
2024-03-13,442.5234069824219,73083.5,4006.45703125,97.32198333740234,0.6909499764442444
2024-03-14,441.2276916503906,71396.59375,3883.140380859375,94.11614227294922,0.669966995716095
2024-03-15,416.3032531738281,69403.7734375,3735.22021484375,89.71339416503906,0.6337370276451111
2024-03-16,388.6847839355469,65315.1171875,3522.860107421875,84.13844299316406,0.6030600070953369
2024-03-17,402.6595153808594,68390.625,3642.4130859375,85.85752868652344,0.6192319989204407
2024-03-18,401.5744934082031,67548.59375,3517.985107421875,87.1122055053711,0.6475650072097778
2024-03-19,359.23968505859375,61912.7734375,3157.6181640625,78.58637237548828,0.5844410061836243
2024-03-20,409.9807434082031,67913.671875,3513.39306640625,84.78901672363281,0.6121619939804077
2024-03-21,414.4288024902344,65491.390625,3492.9912109375,85.70162200927734,0.6406909823417664
2024-03-22,431.5363464355469,63778.76171875,3333.68798828125,83.31150817871094,0.6109489798545837
2024-03-23,456.816650390625,64062.203125,3336.593994140625,85.42414093017578,0.6175959706306458
2024-03-24,484.7536315917969,67234.171875,3454.636474609375,89.69075012207031,0.6329500079154968
2024-03-25,488.04595947265625,69958.8125,3590.8837890625,90.72403717041016,0.6410340070724487
2024-03-26,480.10736083984375,69987.8359375,3587.5048828125,95.86446380615234,0.6322529911994934
2024-03-27,539.7933349609375,69455.34375,3500.115234375,93.6755142211914,0.6119639873504639
2024-03-28,569.156982421875,70744.953125,3561.2939453125,94.2191162109375,0.6245539784431458
2024-03-29,621.78271484375,69892.828125,3511.80615234375,109.25897216796875,0.6307500004768372
2024-03-30,597.110107421875,69645.3046875,3507.9443359375,102.86311340332031,0.6218360066413879
2024-03-31,680.4213256835938,71333.6484375,3647.8564453125,105.18340301513672,0.6292250156402588
2024-04-01,649.0584106445312,69702.1484375,3505.030029296875,99.3753433227539,0.6112579703330994
2024-04-02,639.1395263671875,65446.97265625,3277.234619140625,106.81754302978516,0.5854660272598267
2024-04-03,594.6307983398438,65980.8125,3311.44189453125,98.57223510742188,0.5749170184135437
2024-04-04,668.4983520507812,68508.84375,3330.04052734375,98.40848541259766,0.5936560034751892
2024-04-05,657.8128662109375,67837.640625,3318.88525390625,98.04344940185547,0.5875229835510254
2024-04-06,695.160400390625,68896.109375,3354.183837890625,101.50172424316406,0.5933399796485901
2024-04-07,684.9078369140625,69362.5546875,3453.49462890625,101.17562866210938,0.59483402967453
2024-04-08,680.6610107421875,71631.359375,3695.292724609375,103.3110580444336,0.6154900193214417
2024-04-09,672.5899047851562,69139.015625,3505.163330078125,97.49812316894531,0.6138169765472412
2024-04-10,629.482421875,70587.8828125,3543.737060546875,96.69976043701172,0.6175609827041626
2024-04-11,614.3172607421875,70060.609375,3505.247802734375,98.68910217285156,0.6088799834251404
2024-04-12,534.7660522460938,67195.8671875,3243.034912109375,86.26956939697266,0.5484139919281006
2024-04-13,481.4837646484375,63821.47265625,3004.900390625,77.60658264160156,0.4808189868927002
2024-04-14,527.90087890625,65738.7265625,3156.94189453125,79.9143295288086,0.5042579770088196
2024-04-15,507.9172058105469,63426.2109375,3101.600341796875,78.07315063476562,0.4977310001850128
2024-04-16,487.4125671386719,63811.86328125,3084.920166015625,79.92219543457031,0.49669501185417175
2024-04-17,463.61480712890625,61276.69140625,2984.7275390625,80.16748046875,0.4948410093784332
2024-04-18,483.3103332519531,63512.75390625,3066.027587890625,80.79938507080078,0.5029829740524292
2024-04-19,477.1127624511719,63843.5703125,3059.278564453125,80.9097900390625,0.503786027431488
2024-04-20,515.57373046875,64994.44140625,3157.627197265625,85.092041015625,0.5292930006980896
2024-04-21,502.52093505859375,64926.64453125,3147.28857421875,84.16567993164062,0.5246800184249878
2024-04-22,522.2345581054688,66837.6796875,3201.652099609375,85.4677963256836,0.556833028793335
2024-04-23,505.4361267089844,66407.2734375,3219.91162109375,85.10800170898438,0.5451589822769165
2024-04-24,479.0196533203125,64276.8984375,3139.80517578125,83.16317749023438,0.5274040102958679
2024-04-25,478.7244567871094,64481.70703125,3156.509521484375,83.79810333251953,0.5255119800567627
2024-04-26,482.4371032714844,63755.3203125,3130.164794921875,87.99208068847656,0.5261120200157166
2024-04-27,477.4198303222656,63419.140625,3252.168212890625,83.88262939453125,0.5177749991416931
2024-04-28,470.62127685546875,63113.23046875,3262.774658203125,83.95203399658203,0.5103769898414612
2024-04-29,465.6100158691406,63841.12109375,3215.428955078125,83.51525115966797,0.5154320001602173
2024-04-30,434.15716552734375,60636.85546875,3012.286865234375,79.49531555175781,0.50006502866745
2024-05-01,424.03863525390625,58254.01171875,2969.78466796875,80.09586334228516,0.5170000195503235
2024-05-02,429.9698486328125,59123.43359375,2988.16845703125,80.12277221679688,0.5183290243148804
2024-05-03,453.3455505371094,62889.8359375,3103.5419921875,81.93013763427734,0.5318940281867981
2024-05-04,463.5088195800781,63891.47265625,3117.576416015625,81.6870346069336,0.5304049849510193
2024-05-05,469.2642822265625,64031.1328125,3137.2490234375,81.37557220458984,0.5297840237617493
2024-05-06,473.3588562011719,63161.94921875,3062.728759765625,80.78765106201172,0.5405470132827759
2024-05-07,471.1045837402344,62334.81640625,3006.5771484375,80.81792449951172,0.5247439742088318
2024-05-08,448.20367431640625,61187.94140625,2973.6572265625,81.6363525390625,0.5172299742698669
2024-05-09,454.960693359375,63049.9609375,3036.0205078125,83.05622100830078,0.521028995513916
2024-05-10,426.7308654785156,60792.77734375,2909.791259765625,80.2269287109375,0.5023379921913147
2024-05-11,429.4651794433594,60793.7109375,2911.60205078125,81.34529876708984,0.5059750080108643
2024-05-12,433.1579284667969,61448.39453125,2928.701904296875,81.38278198242188,0.49947500228881836
2024-05-13,437.3409423828125,62901.44921875,2949.359619140625,80.6013412475586,0.5049020051956177
2024-05-14,428.7911071777344,61552.7890625,2881.157958984375,78.73124694824219,0.49988698959350586
2024-05-15,464.11572265625,66267.4921875,3037.056640625,82.5345230102539,0.5190039873123169
2024-05-16,444.84912109375,65231.58203125,2945.131103515625,82.45768737792969,0.5156980156898499
2024-05-17,466.2641296386719,67051.875,3094.11865234375,84.18548583984375,0.5238040089607239
2024-05-18,475.79290771484375,66940.8046875,3122.948974609375,83.86661529541016,0.5213900208473206
2024-05-19,484.9183044433594,66278.3671875,3071.843017578125,82.2212142944336,0.5096610188484192
2024-05-20,516.750732421875,71448.1953125,3663.85546875,88.60094451904297,0.5373330116271973
2024-05-21,515.1150512695312,70136.53125,3789.312744140625,88.21318054199219,0.5369830131530762
2024-05-22,498.79437255859375,69122.3359375,3737.2177734375,85.71488189697266,0.5265100002288818
2024-05-23,490.9042053222656,67929.5625,3776.92724609375,85.41560363769531,0.5282859802246094
2024-05-24,494.8669128417969,68526.1015625,3726.9345703125,84.98160552978516,0.5357530117034912
2024-05-25,493.4154052734375,69265.9453125,3749.236572265625,84.9808578491211,0.5418090224266052
2024-05-26,483.971435546875,68518.09375,3825.8974609375,83.8999252319336,0.5282109975814819
2024-05-27,489.1649169921875,69394.5546875,3892.0068359375,85.2121810913086,0.5337719917297363
2024-05-28,470.170166015625,68296.21875,3840.25634765625,83.3997802734375,0.5282350182533264
2024-05-29,465.5042724609375,67578.09375,3763.196533203125,83.48149871826172,0.523248016834259
2024-05-30,465.2304992675781,68364.9921875,3746.849609375,84.41934967041016,0.5188609957695007
2024-05-31,454.9013671875,67491.4140625,3760.026611328125,83.23851776123047,0.517799973487854
2024-06-01,463.0711975097656,67706.9375,3813.198974609375,83.43401336669922,0.5183129906654358
2024-06-02,458.3445739746094,67751.6015625,3780.89599609375,83.05375671386719,0.5134819746017456
2024-06-03,464.8462829589844,68804.78125,3766.38916015625,82.7983627319336,0.5200999975204468
2024-06-04,477.09332275390625,70567.765625,3812.515869140625,83.65545654296875,0.5257650017738342
2024-06-05,495.13134765625,71082.8203125,3864.260986328125,85.41313171386719,0.5257109999656677
2024-06-06,495.8234558105469,70757.1640625,3811.60595703125,84.18112182617188,0.5215780138969421
2024-06-07,478.025146484375,69342.5859375,3678.629150390625,80.08868408203125,0.4989509880542755
2024-06-08,469.8932189941406,69305.7734375,3680.949951171875,79.99410247802734,0.4931449890136719
2024-06-09,474.4519348144531,69647.9921875,3705.90380859375,80.51000213623047,0.49858298897743225
2024-06-10,468.92254638671875,69512.28125,3666.717529296875,79.60232543945312,0.4966279864311218
2024-06-11,446.39678955078125,67332.03125,3498.33056640625,77.28195190429688,0.480320006608963
2024-06-12,454.10943603515625,68241.1875,3559.61767578125,78.46941375732422,0.49154001474380493
2024-06-13,431.5286560058594,66756.3984375,3469.28125,79.14324188232422,0.4770050048828125
2024-06-14,422.8840637207031,66011.09375,3480.27197265625,77.54237365722656,0.47427499294281006
2024-06-15,429.7106628417969,66191.0,3565.549560546875,79.19642639160156,0.49069100618362427
2024-06-16,428.1529846191406,66639.046875,3620.5634765625,78.90593719482422,0.4888319969177246
2024-06-17,420.2284851074219,66490.296875,3511.37890625,76.62609100341797,0.5051599740982056
2024-06-18,389.31488037109375,65140.74609375,3483.681396484375,72.61646270751953,0.49094799160957336
2024-06-19,388.6602783203125,64960.296875,3559.347412109375,73.7035140991211,0.49324101209640503
2024-06-20,389.8619384765625,64828.65625,3511.0869140625,74.7087631225586,0.4887160062789917
2024-06-21,382.8753356933594,64096.19921875,3516.07568359375,74.11437225341797,0.4889560043811798
2024-06-22,392.1610412597656,64252.578125,3494.8134765625,74.54924774169922,0.4866209924221039
2024-06-23,381.1669616699219,63180.796875,3418.61181640625,73.380126953125,0.4794889986515045
2024-06-24,363.9482727050781,60277.4140625,3350.25634765625,69.6898193359375,0.47414299845695496
2024-06-25,388.6441650390625,61804.640625,3395.029052734375,71.36486053466797,0.4756850004196167
2024-06-26,373.6109924316406,60811.27734375,3369.477294921875,70.9636001586914,0.46959999203681946
2024-06-27,388.74249267578125,61604.80078125,3444.800537109375,73.12354278564453,0.47465500235557556
2024-06-28,385.3994140625,60320.13671875,3373.635986328125,72.76513671875,0.4708850085735321
2024-06-29,380.4427185058594,60887.37890625,3372.9677734375,74.92382049560547,0.471994012594223
2024-06-30,393.6454162597656,62678.29296875,3432.88916015625,75.27999877929688,0.4754830002784729
2024-07-01,384.1968994140625,62851.98046875,3440.341552734375,74.34024810791016,0.4766409993171692
2024-07-02,381.79339599609375,62029.015625,3416.354736328125,75.86390686035156,0.48451998829841614
2024-07-03,373.1245422363281,60173.921875,3292.916748046875,72.0750503540039,0.4667600095272064
2024-07-04,331.47320556640625,56977.703125,3054.52197265625,65.3156967163086,0.43357399106025696
2024-07-05,325.8738098144531,56662.375,2981.5986328125,61.88725662231445,0.42549198865890503
2024-07-06,343.05389404296875,58303.5390625,3069.3779296875,65.43029022216797,0.44905298948287964
2024-07-07,312.7734680175781,55849.109375,2929.38720703125,62.062255859375,0.4198229908943176
2024-07-08,333.3305969238281,56705.09765625,3018.73193359375,64.86933135986328,0.4314799904823303
2024-07-09,331.0573425292969,58009.2265625,3064.032958984375,65.31686401367188,0.435916006565094
2024-07-10,340.7474365234375,57742.49609375,3102.21875,66.93814849853516,0.4390380084514618
2024-07-11,347.4631042480469,57344.9140625,3100.330810546875,67.43598175048828,0.4490410089492798
2024-07-12,368.7078552246094,57899.46484375,3134.15869140625,69.27572631835938,0.4747300148010254
2024-07-13,375.97796630859375,59231.953125,3177.19873046875,69.85125732421875,0.526328980922699
2024-07-14,376.9600830078125,60787.79296875,3244.0791015625,69.96685791015625,0.52286297082901
2024-07-15,400.71929931640625,64870.15234375,3489.552734375,72.45584869384766,0.5378779768943787
2024-07-16,387.09423828125,65097.1484375,3443.513427734375,73.20144653320312,0.5793759822845459
2024-07-17,375.7253112792969,64118.79296875,3388.75244140625,71.42044830322266,0.6264860033988953
2024-07-18,382.8452453613281,63974.06640625,3426.258544921875,71.6102294921875,0.5695739984512329
2024-07-19,391.8265380859375,66710.15625,3505.73486328125,73.45670318603516,0.5737519860267639
2024-07-20,395.6181640625,67163.6484375,3519.29541015625,73.07349395751953,0.5946509838104248
2024-07-21,400.7705383300781,68154.5234375,3536.60546875,73.988525390625,0.5974670052528381
2024-07-22,385.781494140625,67585.25,3440.419921875,71.30793762207031,0.6076369881629944
2024-07-23,366.49761962890625,65927.671875,3481.995849609375,72.93016052246094,0.5974569916725159
2024-07-24,362.4208679199219,65372.1328125,3336.33935546875,71.24752044677734,0.6188430190086365
2024-07-25,361.60260009765625,65777.2265625,3174.42724609375,68.8547592163086,0.5998160243034363
2024-07-26,377.4776306152344,67912.0625,3275.951416015625,71.3331069946289,0.6040679812431335
2024-07-27,392.1049499511719,67813.3359375,3247.60791015625,71.3629379272461,0.5967950224876404
2024-07-28,416.67303466796875,68255.8671875,3271.464599609375,71.1284408569336,0.601947009563446
2024-07-29,439.7582702636719,66819.9140625,3320.539306640625,73.74948120117188,0.6020860075950623
2024-07-30,432.6112060546875,66201.015625,3278.667724609375,71.6852035522461,0.6278769969940186
2024-07-31,414.818115234375,64619.25,3231.295654296875,70.19042205810547,0.6239389777183533
2024-08-01,413.147216796875,65357.5,3201.564453125,69.56616973876953,0.5964639782905579
2024-08-02,381.5531005859375,61415.06640625,2986.01318359375,64.99111938476562,0.5607709884643555
2024-08-03,364.3846130371094,60680.09375,2903.3857421875,64.6042251586914,0.5563910007476807
2024-08-04,331.857666015625,58116.9765625,2686.39892578125,62.396121978759766,0.5233960151672363
2024-08-05,309.95574951171875,53991.45703125,2417.206298828125,56.21337890625,0.48946601152420044
2024-08-06,314.6262512207031,56034.31640625,2458.723876953125,58.263362884521484,0.5056970119476318
2024-08-07,312.33428955078125,55027.4609375,2336.58935546875,55.983909606933594,0.6008099913597107
2024-08-08,354.3216247558594,61710.13671875,2683.352783203125,61.22355270385742,0.6175770163536072
2024-08-09,347.96014404296875,60880.11328125,2599.5986328125,60.74286651611328,0.5811529755592346
2024-08-10,354.6650085449219,60945.8125,2610.02294921875,61.17485427856445,0.585578978061676
2024-08-11,330.2902526855469,58719.484375,2553.252197265625,59.70698165893555,0.5529320240020752
2024-08-12,354.6017761230469,59354.515625,2724.431884765625,61.4669075012207,0.5687680244445801
2024-08-13,351.9599609375,60609.56640625,2703.671875,63.41337966918945,0.576399028301239
2024-08-14,338.1859436035156,58737.26953125,2662.914794921875,64.01732635498047,0.5691919922828674
2024-08-15,334.6147155761719,57560.09765625,2570.087646484375,65.27692413330078,0.5609549880027771
2024-08-16,338.479248046875,58894.10546875,2593.1865234375,66.56855773925781,0.564516007900238
2024-08-17,341.055419921875,59478.97265625,2614.546875,67.58361053466797,0.5663189888000488
2024-08-18,333.3903503417969,58483.96484375,2613.357177734375,66.38336181640625,0.5638750195503235
2024-08-19,338.10125732421875,59493.453125,2637.306396484375,66.36810302734375,0.5986059904098511
2024-08-20,335.4502868652344,59012.79296875,2573.10693359375,64.48001098632812,0.5944280028343201
2024-08-21,349.2322082519531,61175.19140625,2631.3955078125,64.28144836425781,0.6002749800682068
2024-08-22,346.5582275390625,60381.9140625,2622.951416015625,63.83037567138672,0.5976009964942932
2024-08-23,365.1933898925781,64094.35546875,2764.447021484375,66.20084381103516,0.6112390160560608
2024-08-24,363.68023681640625,64178.9921875,2769.3896484375,66.57865905761719,0.6131100058555603
2024-08-25,356.3801574707031,64333.54296875,2749.15771484375,64.84695434570312,0.6001840233802795
2024-08-26,342.5382080078125,62880.66015625,2681.340576171875,63.17496109008789,0.5874699950218201
2024-08-27,324.7033996582031,59504.1328125,2458.7265625,60.463035583496094,0.5675539970397949
2024-08-28,322.3939514160156,59027.625,2528.41552734375,61.802040100097656,0.5698500275611877
2024-08-29,322.449951171875,59388.1796875,2528.792724609375,62.483680725097656,0.5620549917221069
2024-08-30,325.16351318359375,59119.4765625,2525.822021484375,64.97552490234375,0.5670310258865356
2024-08-31,322.2494201660156,58969.8984375,2513.393798828125,65.05883026123047,0.5663130283355713
2024-09-01,312.7499694824219,57325.48828125,2427.90234375,63.52634048461914,0.5479900240898132
2024-09-02,323.7297668457031,59112.48046875,2538.187255859375,65.30899810791016,0.5675870180130005
2024-09-03,309.1968078613281,57431.0234375,2420.603759765625,64.42266845703125,0.5573909878730774
2024-09-04,315.29083251953125,57971.5390625,2448.97705078125,65.4273452758789,0.5581759810447693
2024-09-05,307.4684143066406,56160.48828125,2367.737548828125,66.08258056640625,0.5441960096359253
2024-09-06,294.8648681640625,53948.75390625,2223.87646484375,63.00200653076172,0.5213469862937927
2024-09-07,299.4573669433594,54139.6875,2274.107177734375,62.0865592956543,0.5250920057296753
2024-09-08,305.2160949707031,54841.56640625,2297.29296875,60.89545440673828,0.5292909741401672
2024-09-09,322.45269775390625,57019.53515625,2358.482177734375,61.419647216796875,0.5396379828453064
2024-09-10,329.6400451660156,57648.7109375,2389.5810546875,61.54644775390625,0.5410779714584351
2024-09-11,337.615966796875,57343.171875,2339.841552734375,62.18716812133789,0.5353119969367981
2024-09-12,333.01947021484375,58127.01171875,2361.78173828125,62.84511947631836,0.5625759959220886
2024-09-13,335.8511047363281,60571.30078125,2441.607177734375,64.97948455810547,0.5731490254402161
2024-09-14,327.154296875,60005.12109375,2418.595703125,65.97522735595703,0.5961989760398865
2024-09-15,316.6377258300781,59182.8359375,2320.897216796875,63.336692810058594,0.5709750056266785
2024-09-16,311.91546630859375,58192.5078125,2295.28369140625,62.58589172363281,0.585407018661499
2024-09-17,314.1930236816406,60308.5390625,2341.707763671875,63.743194580078125,0.5845019817352295
2024-09-18,325.80963134765625,61649.6796875,2369.72900390625,64.7613296508789,0.585250973701477
2024-09-19,340.2292175292969,62940.45703125,2464.752197265625,65.44454193115234,0.5873709917068481
2024-09-20,335.6577453613281,63192.9765625,2561.072021484375,65.278564453125,0.5851709842681885
2024-09-21,345.7752380371094,63394.83984375,2615.857177734375,66.94282531738281,0.5981410145759583
2024-09-22,342.98187255859375,63648.7109375,2582.862548828125,68.59842681884766,0.5876209735870361
2024-09-23,342.42919921875,63329.80078125,2648.54638671875,67.02490234375,0.5850650072097778
2024-09-24,348.152099609375,64301.96875,2654.35498046875,66.72038269042969,0.591543972492218
2024-09-25,343.22100830078125,63143.14453125,2579.388671875,66.58809661865234,0.5835409760475159
2024-09-26,351.9991455078125,65181.01953125,2632.199951171875,68.518310546875,0.5904210209846497
2024-09-27,359.0396728515625,65790.6640625,2695.900634765625,71.18820190429688,0.5889269709587097
2024-09-28,353.09991455078125,65887.6484375,2677.5390625,70.00396728515625,0.6148009896278381
2024-09-29,352.8612365722656,65635.3046875,2659.346923828125,69.31442260742188,0.6419469714164734
2024-09-30,337.37799072265625,63329.5,2603.062744140625,66.82044982910156,0.6114919781684875
2024-10-01,318.2869873046875,60837.0078125,2448.921142578125,63.4249382019043,0.5975300073623657
2024-10-02,316.298095703125,60632.78515625,2365.231689453125,62.95425796508789,0.5398309826850891
2024-10-03,320.2301940917969,60759.40234375,2349.791259765625,63.45410919189453,0.5219529867172241
2024-10-04,324.7106018066406,62067.4765625,2414.7939453125,64.94314575195312,0.5343409776687622
2024-10-05,321.6606140136719,62089.94921875,2415.6318359375,66.27214813232422,0.5294960141181946
2024-10-06,324.4873352050781,62818.953125,2439.957763671875,67.06830596923828,0.5335919857025146
2024-10-07,324.4577331542969,62236.66015625,2421.796630859375,64.7729721069336,0.5299339890480042
2024-10-08,328.7540283203125,62131.96875,2439.8408203125,65.64762878417969,0.5308679938316345
2024-10-09,320.572509765625,60582.1015625,2368.283447265625,64.54893493652344,0.5243319869041443
2024-10-10,322.5751647949219,60274.5,2383.85791015625,64.24361419677734,0.529977023601532
2024-10-11,326.8042297363281,62445.08984375,2436.513427734375,65.5048828125,0.5382969975471497
2024-10-12,329.4590759277344,63193.0234375,2476.523193359375,66.21168518066406,0.5395600199699402
2024-10-13,321.17864990234375,62851.375,2467.677001953125,64.75692749023438,0.5315399765968323
2024-10-14,368.0122985839844,66046.125,2628.89990234375,66.8058853149414,0.5480210185050964
2024-10-15,354.6675720214844,67041.109375,2606.02197265625,70.87361145019531,0.5414519906044006
2024-10-16,365.4289245605469,67612.71875,2611.10205078125,70.07020568847656,0.5480449795722961
2024-10-17,369.3623352050781,67399.8359375,2604.2734375,72.74100494384766,0.5436580181121826
2024-10-18,367.1418151855469,68418.7890625,2641.55224609375,73.12972259521484,0.5465409755706787
2024-10-19,363.72308349609375,68362.734375,2648.656982421875,74.8765640258789,0.5442569851875305
2024-10-20,369.35589599609375,69001.703125,2746.364013671875,74.31231689453125,0.547652006149292
2024-10-21,363.7775573730469,67367.8515625,2665.712158203125,70.72498321533203,0.5448629856109619
2024-10-22,357.16131591796875,67361.40625,2620.197509765625,69.92845916748047,0.5333790183067322
2024-10-23,347.05072021484375,66432.1953125,2509.098876953125,70.15641784667969,0.525210976600647
2024-10-24,367.38958740234375,68161.0546875,2534.49853515625,71.08497619628906,0.5317609906196594
2024-10-25,348.0643615722656,66642.4140625,2435.93408203125,68.6461181640625,0.5019189715385437
2024-10-26,347.7802429199219,67014.6953125,2479.603271484375,68.39888000488281,0.5127609968185425
2024-10-27,352.1592712402344,67929.296875,2505.940673828125,71.07989501953125,0.516381025314331
2024-10-28,365.2552185058594,69907.7578125,2565.34814453125,70.71797180175781,0.5192270278930664
2024-10-29,385.384521484375,72720.4921875,2637.95751953125,73.9776611328125,0.5279160141944885
2024-10-30,369.8304138183594,72339.5390625,2657.37255859375,71.84062194824219,0.5229740142822266
2024-10-31,358.219970703125,70215.1875,2515.79931640625,69.20464324951172,0.5092369914054871
2024-11-01,349.5990295410156,69482.46875,2511.885498046875,70.20695495605469,0.5128679871559143
2024-11-02,353.3771667480469,69289.2734375,2491.068603515625,69.12836456298828,0.509850025177002
2024-11-03,340.2908935546875,68741.1171875,2456.42529296875,66.91110229492188,0.5029309988021851
2024-11-04,329.0894470214844,67811.5078125,2397.0263671875,65.49251556396484,0.5032259821891785
2024-11-05,343.36505126953125,69359.5625,2422.650634765625,65.44047546386719,0.5140290260314941
2024-11-06,378.5013732910156,75639.078125,2724.169189453125,71.02344512939453,0.5424270033836365
2024-11-07,377.6909484863281,75904.859375,2895.58544921875,71.49371337890625,0.5547320246696472
2024-11-08,377.42822265625,76545.4765625,2962.296630859375,72.8046875,0.554078996181488
2024-11-09,406.35089111328125,76778.8671875,3131.14453125,74.06351470947266,0.559486985206604
2024-11-10,442.1380310058594,80474.1875,3191.331298828125,76.52312469482422,0.589381992816925
2024-11-11,473.32672119140625,88701.484375,3374.81298828125,80.11939239501953,0.6204670071601868
2024-11-12,434.3050231933594,87955.8125,3246.25732421875,76.93087005615234,0.7076990008354187
2024-11-13,439.2732849121094,90584.1640625,3192.595947265625,75.44751739501953,0.6902880072593689
2024-11-14,414.5817565917969,87250.4296875,3058.94873046875,82.06620025634766,0.7730069756507874
2024-11-15,433.191162109375,91066.0078125,3103.04052734375,83.69956970214844,0.8920909762382507
2024-11-16,462.042236328125,90558.4765625,3133.27392578125,95.32144927978516,1.119089961051941
2024-11-17,432.03131103515625,89845.8515625,3075.66162109375,87.05650329589844,1.0543349981307983
2024-11-18,451.98638916015625,90542.640625,3207.8564453125,89.17768859863281,1.1179360151290894
2024-11-19,447.0617980957031,92343.7890625,3111.384033203125,86.82052612304688,1.1019469499588013
2024-11-20,440.3277893066406,94339.4921875,3072.18798828125,83.3709487915039,1.102301001548767
2024-11-21,486.0648498535156,98504.7265625,3361.053955078125,89.53834533691406,1.2503520250320435
2024-11-22,490.2834777832031,98997.6640625,3331.600830078125,92.07102966308594,1.4690190553665161
2024-11-23,509.9440612792969,97777.28125,3396.223388671875,99.39119720458984,1.469007968902588
2024-11-24,514.7054443359375,98013.8203125,3363.659912109375,96.94950866699219,1.4324109554290771
2024-11-25,491.65716552734375,93102.296875,3413.5439453125,92.36376190185547,1.415423035621643
2024-11-26,492.5515441894531,91985.3203125,3326.517333984375,93.04487609863281,1.4013229608535767
2024-11-27,519.6979370117188,95962.53125,3657.249267578125,97.27632141113281,1.4728120565414429
2024-11-28,511.92437744140625,95652.46875,3579.8115234375,95.66030883789062,1.5413429737091064
2024-11-29,518.328369140625,97461.5234375,3593.494384765625,104.0356674194336,1.7967309951782227
2024-11-30,525.2651977539062,96449.0546875,3705.705322265625,102.66780853271484,1.94412100315094
2024-12-01,532.6294555664062,97279.7890625,3711.1650390625,119.86519622802734,2.320223093032837
2024-12-02,538.0313110351562,95865.3046875,3644.198486328125,133.26751708984375,2.7138049602508545
2024-12-03,583.9658813476562,96002.1640625,3620.711669921875,131.7918701171875,2.525527000427246
2024-12-04,584.1792602539062,98768.53125,3841.3310546875,134.2473907470703,2.3544440269470215
2024-12-05,590.051025390625,96593.5703125,3811.00830078125,135.2897186279297,2.295206069946289
2024-12-06,619.4531860351562,99920.7109375,4005.810546875,136.23870849609375,2.424736976623535
2024-12-07,608.5131225585938,99923.3359375,4002.692626953125,133.84982299804688,2.616624116897583
2024-12-08,623.3380126953125,101236.015625,4005.70458984375,135.17453002929688,2.6083478927612305
2024-12-09,553.742919921875,97432.71875,3718.6904296875,110.84188079833984,2.218951940536499
2024-12-10,516.675048828125,96675.4296875,3631.833740234375,109.8656997680664,2.3691599369049072
2024-12-11,547.3112182617188,101173.03125,3832.822021484375,117.5313949584961,2.4000699520111084
2024-12-12,539.8097534179688,100043.0,3883.1015625,119.2668685913086,2.3427700996398926
2024-12-13,542.1737670898438,101459.2578125,3911.205322265625,124.18070983886719,2.421319007873535
2024-12-14,534.1950073242188,101372.96875,3868.4052734375,118.18441772460938,2.398705005645752
2024-12-15,546.8533935546875,104298.6953125,3951.941162109375,121.13903045654297,2.4469499588012695
2024-12-16,537.910888671875,106029.71875,3987.48095703125,118.15115356445312,2.4886579513549805
2024-12-17,529.7596435546875,106140.6015625,3886.76611328125,124.76040649414062,2.565190076828003
2024-12-18,480.6501159667969,100041.5390625,3618.791259765625,108.54095458984375,2.3033180236816406
2024-12-19,440.0602722167969,97490.953125,3417.927978515625,99.68569946289062,2.2488911151885986
2024-12-20,448.8754577636719,97755.9296875,3472.553466796875,101.36201477050781,2.276885986328125
2024-12-21,456.0484619140625,97224.7265625,3337.222412109375,101.46427154541016,2.238111972808838
2024-12-22,445.06976318359375,95104.9375,3277.53515625,99.56405639648438,2.1993319988250732
2024-12-23,460.2939758300781,94686.2421875,3415.785400390625,106.53765869140625,2.2572619915008545
2024-12-24,470.2679443359375,98676.09375,3492.0498046875,108.32437896728516,2.3246240615844727
2024-12-25,465.3318786621094,99299.1953125,3493.2353515625,109.57795715332031,2.2959699630737305
2024-12-26,437.1010437011719,95795.515625,3331.225830078125,102.14167785644531,2.154339075088501
2024-12-27,440.2722473144531,94164.859375,3328.9169921875,100.31396484375,2.1416499614715576
2024-12-28,451.0380554199219,95163.9296875,3397.90234375,100.58467864990234,2.180824041366577
2024-12-29,438.50543212890625,93530.2265625,3349.513427734375,98.27505493164062,2.093179941177368
2024-12-30,443.3424377441406,92643.2109375,3356.392578125,99.30921936035156,2.0575709342956543
2024-12-31,433.8179931640625,93429.203125,3332.53173828125,103.06851196289062,2.0801279544830322
2025-01-01,449.35986328125,94419.7578125,3353.504150390625,104.81208801269531,2.322340965270996
2025-01-02,461.3688049316406,96886.875,3451.392578125,105.0898208618164,2.403369903564453
2025-01-03,473.068359375,98107.4296875,3605.009765625,112.68724822998047,2.4528961181640625
2025-01-04,478.9778747558594,98236.2265625,3657.706787109375,111.16759490966797,2.4195950031280518
2025-01-05,470.9113464355469,98314.9609375,3634.103759765625,115.46582794189453,2.3997271060943604
2025-01-06,482.6858825683594,102078.0859375,3688.611328125,114.01073455810547,2.418807029724121
2025-01-07,437.4750061035156,96922.703125,3381.577392578125,102.8379898071289,2.2723500728607178
2025-01-08,434.28338623046875,95043.5234375,3326.329345703125,101.49867248535156,2.375304937362671
2025-01-09,421.61907958984375,92484.0390625,3219.4306640625,102.26554870605469,2.275212049484253
2025-01-10,449.9591369628906,94701.453125,3267.489990234375,104.01673126220703,2.343251943588257
2025-01-11,440.8851318359375,94566.59375,3282.2177734375,104.37470245361328,2.576770067214966
2025-01-12,447.83673095703125,94488.4375,3265.951171875,102.35240936279297,2.5063140392303467
2025-01-13,428.0797119140625,94516.5234375,3135.499755859375,98.4621810913086,2.522934913635254
2025-01-14,438.0751647949219,96534.046875,3223.6845703125,102.41368865966797,2.669132947921753
2025-01-15,461.0185546875,100504.4921875,3450.53759765625,117.21080017089844,3.155057907104492
2025-01-16,461.8852233886719,99756.90625,3308.34521484375,124.29759216308594,3.245539903640747
2025-01-17,489.7207336425781,104462.0390625,3474.107177734375,136.990234375,3.2986350059509277
2025-01-18,466.13433837890625,104408.0703125,3305.78955078125,125.40595245361328,3.2740190029144287
2025-01-19,426.2817077636719,101089.609375,3208.96435546875,115.33399963378906,2.954716920852661
2025-01-20,431.22149658203125,102016.6640625,3278.035400390625,118.42407989501953,3.09983491897583
2025-01-21,446.2886962890625,106146.265625,3327.40625,118.90388488769531,3.1693999767303467
2025-01-22,434.76739501953125,103653.0703125,3240.224609375,115.24545288085938,3.171104907989502
2025-01-23,437.4604187011719,103960.171875,3334.714111328125,116.507568359375,3.1198909282684326
2025-01-24,431.7235412597656,104819.484375,3309.554931640625,118.69554138183594,3.103482961654663
2025-01-25,445.2803649902344,104714.6484375,3317.26953125,123.98307037353516,3.109705924987793
2025-01-26,425.595947265625,102682.5,3236.13427734375,117.20661163330078,3.0262279510498047
2025-01-27,426.9776611328125,102087.6875,3178.92041015625,114.8987045288086,3.053184986114502
2025-01-28,410.5862121582031,101332.4765625,3077.112548828125,110.22003173828125,3.06112003326416
2025-01-29,414.92584228515625,103703.2109375,3112.9990234375,115.69033813476562,3.068294048309326
2025-01-30,434.8733215332031,104735.3046875,3247.780029296875,129.91165161132812,3.1310689449310303
2025-01-31,424.243408203125,102405.0234375,3298.26513671875,128.01290893554688,3.0354199409484863
2025-02-01,404.39166259765625,100655.90625,3118.32861328125,118.91510772705078,2.8844690322875977
2025-02-02,359.7787780761719,97688.9765625,2868.69287109375,109.48184204101562,2.5797948837280273
2025-02-03,353.2078857421875,101405.421875,2884.566650390625,106.95282745361328,2.7011559009552
2025-02-04,330.6802978515625,97871.8203125,2735.05126953125,101.45013427734375,2.5354249477386475
2025-02-05,327.9939880371094,96615.4453125,2787.779052734375,103.3876953125,2.382314920425415
2025-02-06,315.9839782714844,96593.296875,2688.40087890625,101.6890869140625,2.3268799781799316
2025-02-07,318.4578552246094,96529.0859375,2622.211181640625,103.2164077758789,2.393583059310913
2025-02-08,323.50653076171875,96482.453125,2632.308349609375,104.68509674072266,2.4243760108947754
2025-02-09,324.8921203613281,96500.09375,2628.72119140625,107.45870208740234,2.396939992904663
2025-02-10,329.0276184082031,97437.5546875,2661.166748046875,120.08202362060547,2.422696113586426
2025-02-11,331.39703369140625,95747.4296875,2602.781982421875,119.69583129882812,2.4142160415649414
2025-02-12,343.0455627441406,97885.859375,2736.902099609375,122.0439224243164,2.472835063934326
2025-02-13,335.3482360839844,96623.8671875,2675.902587890625,126.31777954101562,2.5625150203704834
2025-02-14,341.62628173828125,97508.96875,2726.091552734375,125.12673950195312,2.7401959896087646
2025-02-15,332.8094177246094,97580.3515625,2693.559814453125,133.84043884277344,2.76157808303833
2025-02-16,326.4682922363281,96175.03125,2663.31591796875,125.55438232421875,2.7278249263763428
2025-02-17,323.638427734375,95773.3828125,2743.19970703125,122.30784606933594,2.658273935317993
2025-02-18,315.83685302734375,95539.546875,2669.3388671875,129.49008178710938,2.558877944946289
2025-02-19,322.58984375,96635.609375,2715.77099609375,135.21470642089844,2.7408010959625244
2025-02-20,326.0089416503906,98333.9375,2740.386474609375,130.60191345214844,2.6908280849456787
2025-02-21,313.6491394042969,96125.546875,2659.655517578125,128.05027770996094,2.5701398849487305
2025-02-22,320.9940490722656,96577.7578125,2764.029296875,126.0592269897461,2.5757060050964355
2025-02-23,327.8842468261719,96273.921875,2821.310302734375,129.94187927246094,2.5770199298858643
2025-02-24,291.61492919921875,91418.171875,2513.8212890625,114.46142578125,2.2779290676116943
2025-02-25,291.6081237792969,88736.171875,2493.592529296875,114.61450958251953,2.3207170963287354
2025-02-26,293.3774719238281,84347.0234375,2331.45263671875,124.62174224853516,2.1924350261688232
2025-02-27,296.6879577636719,84704.2265625,2305.484375,126.77029418945312,2.198647975921631
2025-02-28,315.8653259277344,84373.0078125,2237.9052734375,127.96198272705078,2.145595073699951
2025-03-01,311.22760009765625,86031.9140625,2216.643310546875,124.26994323730469,2.190603017807007
2025-03-02,333.97296142578125,94248.3515625,2519.694580078125,127.49488830566406,2.9369421005249023
2025-03-03,320.451171875,86065.671875,2145.573974609375,109.94983673095703,2.385741949081421
2025-03-04,320.1509704589844,87222.1953125,2170.01513671875,103.70933532714844,2.455146074295044
2025-03-05,392.21337890625,90623.5625,2241.977294921875,104.7320785522461,2.500509023666382
2025-03-06,395.435302734375,89961.7265625,2202.476806640625,103.39810180664062,2.601728916168213
2025-03-07,388.5880126953125,86742.671875,2138.987548828125,103.48184204101562,2.3816239833831787
2025-03-08,385.40155029296875,86154.59375,2201.51025390625,102.25264739990234,2.323438882827759
2025-03-09,357.228515625,80601.0390625,2015.5091552734375,94.47103881835938,2.1345760822296143
2025-03-10,331.64532470703125,78532.0,1861.1513671875,87.55799102783203,2.018294095993042
2025-03-11,339.49188232421875,82862.2109375,1919.844970703125,90.33271789550781,2.1669158935546875
2025-03-12,353.9580078125,83722.359375,1908.982666015625,91.48965454101562,2.240755081176758
2025-03-13,326.1294250488281,81066.703125,1862.9696044921875,88.03050231933594,2.2510080337524414
2025-03-14,330.35772705078125,83969.1015625,1909.467529296875,91.33390808105469,2.356442928314209
2025-03-15,342.82183837890625,84343.109375,1937.3946533203125,92.5405502319336,2.393238067626953
2025-03-16,332.9571838378906,82579.6875,1887.43505859375,90.34935760498047,2.2978670597076416
2025-03-17,337.76959228515625,84075.6875,1927.0029296875,92.36361694335938,2.3406379222869873
2025-03-18,335.1486511230469,82718.5,1932.54345703125,90.08269500732422,2.2869598865509033
2025-03-19,345.6285705566406,86854.2265625,2057.7490234375,94.05044555664062,2.5458409786224365
2025-03-20,333.59228515625,84167.1953125,1982.099853515625,93.28262329101562,2.434674024581909
2025-03-21,322.62158203125,84043.2421875,1964.8475341796875,90.93335723876953,2.3792779445648193
2025-03-22,322.0602111816406,83832.484375,1980.037841796875,91.2575454711914,2.369823932647705
2025-03-23,325.2769775390625,86054.375,2005.2991943359375,91.41535186767578,2.435492992401123
2025-03-24,332.1944580078125,87498.9140625,2077.47900390625,93.67450714111328,2.448162078857422
2025-03-25,335.6667175292969,87471.703125,2067.76416015625,94.44954681396484,2.451349973678589
2025-03-26,334.57269287109375,86900.8828125,2009.1893310546875,92.33674621582031,2.349087953567505
2025-03-27,324.70166015625,87177.1015625,2002.357421875,92.82347869873047,2.3382740020751953
2025-03-28,307.4603576660156,84353.1484375,1895.5029296875,87.3966293334961,2.204137086868286
2025-03-29,303.1073913574219,82597.5859375,1827.3203125,85.4487533569336,2.139949083328247
2025-03-30,298.8476867675781,82334.5234375,1806.2186279296875,86.00347137451172,2.1361429691314697
2025-03-31,303.31646728515625,82548.9140625,1823.47998046875,83.03350067138672,2.0898969173431396
2025-04-01,308.4830017089844,85169.171875,1905.491455078125,84.48882293701172,2.139611005783081
2025-04-02,293.8935241699219,82485.7109375,1795.313232421875,81.75888061523438,2.025067090988159
2025-04-03,300.488037109375,83102.828125,1815.63720703125,83.32506561279297,2.062467098236084
2025-04-04,301.255859375,83843.8046875,1815.335205078125,84.417724609375,2.128959894180298
2025-04-05,303.8316650390625,83504.796875,1805.9732666015625,82.71145629882812,2.143731117248535
2025-04-06,271.9084777832031,78214.484375,1576.72802734375,70.42854309082031,1.917894959449768
2025-04-07,275.4508972167969,79235.3359375,1555.240966796875,70.96516418457031,1.8977539539337158
2025-04-08,268.96673583984375,76271.953125,1472.5531005859375,69.09323120117188,1.7945679426193237
2025-04-09,301.1901550292969,82573.953125,1668.0400390625,76.0118179321289,2.0517380237579346
2025-04-10,290.2632141113281,79626.140625,1522.518798828125,73.7248306274414,1.9664820432662964
2025-04-11,312.836669921875,83404.8359375,1567.1497802734375,76.21421813964844,2.0238869190216064
2025-04-12,344.92498779296875,85287.109375,1643.528564453125,78.596923828125,2.1586201190948486
2025-04-13,342.37060546875,83684.9765625,1596.685791015625,77.78424835205078,2.120198965072632
2025-04-14,323.5287780761719,84542.390625,1622.7698974609375,77.07643127441406,2.12675404548645
2025-04-15,319.1454162597656,83668.9921875,1588.6324462890625,75.40563201904297,2.0885488986968994
2025-04-16,321.89044189453125,84033.8671875,1578.1053466796875,74.3116455078125,2.0832419395446777
2025-04-17,333.2281494140625,84895.75,1582.54833984375,74.88020324707031,2.0664150714874268
2025-04-18,335.34393310546875,84450.8046875,1588.9246826171875,75.9880599975586,2.0635271072387695
2025-04-19,335.3309631347656,85063.4140625,1612.9228515625,76.12681579589844,2.08732008934021
2025-04-20,335.9388732910156,85174.3046875,1587.5142822265625,77.74858856201172,2.0770010948181152
2025-04-21,344.80694580078125,87518.90625,1579.7344970703125,78.04727935791016,2.085515022277832
2025-04-22,362.78173828125,93441.890625,1757.3316650390625,83.4083023071289,2.215472936630249
2025-04-23,358.2170715332031,93699.109375,1796.104248046875,83.22515106201172,2.217355966567993
2025-04-24,356.4633483886719,93943.796875,1769.8316650390625,84.3316879272461,2.2045440673828125
2025-04-25,373.3293762207031,94720.5,1786.634521484375,86.32804107666016,2.183053970336914
2025-04-26,355.95916748046875,94646.9296875,1821.881103515625,87.1067886352539,2.1931889057159424
2025-04-27,345.9830322265625,93754.84375,1792.864990234375,85.53465270996094,2.256237030029297
2025-04-28,364.2192077636719,94978.75,1798.851806640625,85.73147583007812,2.295137882232666
2025-04-29,363.6363830566406,94284.7890625,1799.1756591796875,85.47164916992188,2.2408010959625244
2025-04-30,366.22747802734375,94207.3125,1793.775390625,83.51346588134766,2.191556930541992
2025-05-01,361.1256103515625,96492.3359375,1839.2215576171875,88.9256362915039,2.2141621112823486
2025-05-02,382.875244140625,96910.0703125,1842.7078857421875,87.99943542480469,2.2098309993743896
2025-05-03,363.1204833984375,95891.796875,1833.8397216796875,86.67216491699219,2.1883668899536133
2025-05-04,356.13006591796875,94315.9765625,1808.59423828125,85.02394104003906,2.157794952392578
2025-05-05,353.4871520996094,94748.0546875,1819.697509765625,83.37004852294922,2.1356089115142822
2025-05-06,373.054443359375,96802.4765625,1815.0875244140625,91.86149597167969,2.1554300785064697
2025-05-07,383.2935791015625,97032.3203125,1811.606689453125,89.44876098632812,2.126171112060547
2025-05-08,421.6309814453125,103241.4609375,2206.5146484375,94.70175170898438,2.323184013366699
2025-05-09,412.3817443847656,102970.8515625,2345.50732421875,100.44050598144531,2.3446710109710693
2025-05-10,430.8814697265625,104696.328125,2582.422607421875,105.24385070800781,2.4720299243927
2025-05-11,408.0454406738281,104106.359375,2510.23779296875,99.97394561767578,2.3665249347686768
2025-05-12,410.6682434082031,102812.953125,2496.397705078125,103.92964935302734,2.54463791847229
2025-05-13,411.29534912109375,104169.8125,2680.129638671875,103.55943298339844,2.586548089981079
2025-05-14,402.6856689453125,103539.4140625,2610.063232421875,101.12409210205078,2.5527029037475586
2025-05-15,395.69183349609375,103744.640625,2546.85693359375,99.14827728271484,2.3803670406341553
2025-05-16,395.8854064941406,103489.2890625,2536.297607421875,99.47583770751953,2.38098406791687
2025-05-17,391.9806213378906,103191.0859375,2475.75439453125,96.2911376953125,2.3543639183044434
2025-05-18,406.8180847167969,106446.0078125,2498.233642578125,101.17874145507812,2.434170961380005
2025-05-19,392.8945007324219,105606.1796875,2529.166748046875,98.34387969970703,2.3813788890838623
2025-05-20,394.0870361328125,106791.0859375,2524.173095703125,94.39929962158203,2.356755018234253
2025-05-21,407.56866455078125,109678.078125,2552.34716796875,97.26056671142578,2.398926019668579
2025-05-22,443.9219970703125,111673.28125,2664.156982421875,100.28231811523438,2.429795026779175
2025-05-23,425.58709716796875,107287.796875,2526.44189453125,95.1402816772461,2.294321060180664
2025-05-24,421.8962097167969,107791.15625,2530.646240234375,95.6858901977539,2.3328700065612793
2025-05-25,422.8595275878906,109035.390625,2551.763916015625,95.6577377319336,2.342974901199341
2025-05-26,415.6390075683594,109440.3671875,2564.138427734375,95.00921630859375,2.3106610774993896
2025-05-27,414.824462890625,108994.640625,2663.06982421875,95.96477508544922,2.318671941757202
2025-05-28,419.5234069824219,107802.328125,2682.212890625,95.30498504638672,2.2742528915405273
2025-05-29,409.21942138671875,105641.7578125,2632.65478515625,93.08880615234375,2.244246006011963
2025-05-30,399.1341552734375,103998.5703125,2529.943603515625,85.6614990234375,2.138633966445923
2025-05-31,414.50787353515625,104638.09375,2529.08740234375,87.12788391113281,2.1750600337982178
2025-06-01,403.7017517089844,105652.1015625,2536.266357421875,88.38945770263672,2.1791839599609375
2025-06-02,403.91656494140625,105881.53125,2607.097412109375,89.64005279541016,2.1977550983428955
2025-06-03,400.9271240234375,105432.46875,2593.2802734375,89.56200408935547,2.2468440532684326
2025-06-04,401.0262756347656,104731.984375,2608.64306640625,88.08499145507812,2.202310085296631
2025-06-05,385.58673095703125,101575.953125,2416.28564453125,83.7460708618164,2.0976340770721436
2025-06-06,396.12689208984375,104390.34375,2477.19482421875,87.25169372558594,2.1624059677124023
2025-06-07,409.3663635253906,105615.625,2526.50537109375,88.37530517578125,2.1785459518432617
2025-06-08,411.2310791015625,105793.6484375,2510.787109375,87.25794219970703,2.2654950618743896
2025-06-09,425.5355224609375,110294.1015625,2681.51708984375,90.76110076904297,2.3203749656677246
2025-06-10,437.98931884765625,110257.234375,2813.517578125,93.2669906616211,2.3052849769592285
2025-06-11,428.98236083984375,108686.625,2773.529296875,91.57585144042969,2.2708730697631836
2025-06-12,425.6308898925781,105929.0546875,2651.795166015625,86.45230865478516,2.1947689056396484
2025-06-13,448.6900329589844,106090.96875,2579.486083984375,86.54266357421875,2.1490299701690674
2025-06-14,430.8078918457031,105472.40625,2533.444091796875,85.25419616699219,2.1414060592651367
2025-06-15,460.8656921386719,105552.0234375,2546.837158203125,86.32762145996094,2.1671769618988037
2025-06-16,466.32757568359375,106796.7578125,2540.60498046875,86.84630584716797,2.241771936416626
2025-06-17,463.83648681640625,104601.1171875,2510.761474609375,84.34707641601562,2.1607139110565186
2025-06-18,459.44927978515625,104883.328125,2524.301513671875,85.06647491455078,2.1696650981903076
2025-06-19,498.56549072265625,104684.2890625,2521.653564453125,85.12791442871094,2.165937900543213
2025-06-20,473.8587646484375,103309.6015625,2407.30419921875,82.895751953125,2.120347023010254
2025-06-21,466.2036437988281,102257.40625,2300.49560546875,80.11610412597656,2.057558059692383
2025-06-22,455.07818603515625,100987.140625,2228.213134765625,80.13804626464844,2.0140280723571777
2025-06-23,463.4538269042969,105577.7734375,2421.824951171875,85.1222915649414,2.166309118270874
2025-06-24,453.8330078125,106045.6328125,2448.0087890625,84.8034439086914,2.1908159255981445
2025-06-25,482.22125244140625,107361.2578125,2419.310302734375,84.66546630859375,2.1858720779418945
2025-06-26,489.6326599121094,106960.0,2416.146728515625,84.28509521484375,2.1058549880981445
2025-06-27,505.1834411621094,107088.4296875,2423.866943359375,84.83246612548828,2.1426188945770264
2025-06-28,491.9881896972656,107327.703125,2437.109375,86.3045883178711,2.1860439777374268
2025-06-29,503.7851257324219,108385.5703125,2500.9599609375,87.99116516113281,2.2070729732513428
2025-06-30,506.029052734375,107135.3359375,2486.46435546875,85.98348236083984,2.2387499809265137
2025-07-01,500.6935119628906,105698.28125,2405.792724609375,83.24486541748047,2.1721949577331543
2025-07-02,510.3337097167969,108859.3203125,2571.33544921875,87.3050537109375,2.233768939971924
2025-07-03,496.7096252441406,109647.9765625,2591.00732421875,89.00467681884766,2.257658004760742
2025-07-04,484.2389831542969,108034.3359375,2508.518310546875,86.86906433105469,2.2211389541625977
2025-07-05,489.408203125,108231.1796875,2517.280029296875,87.51638793945312,2.218522071838379
2025-07-06,491.95977783203125,109232.0703125,2571.236572265625,87.3949203491211,2.272541046142578
2025-07-07,496.19720458984375,108299.8515625,2543.01318359375,86.0885238647461,2.274077892303467
2025-07-08,501.3925476074219,108950.2734375,2615.505859375,87.68562316894531,2.3112339973449707
2025-07-09,514.939208984375,111326.5546875,2770.777587890625,90.69892883300781,2.4056360721588135
2025-07-10,518.3226928710938,115987.203125,2954.84521484375,94.80078125,2.5466830730438232
2025-07-11,531.6624755859375,117516.9921875,2957.88623046875,94.24921417236328,2.7348639965057373
2025-07-12,506.4053649902344,117435.2265625,2942.91162109375,92.77886199951172,2.737636089324951
2025-07-13,507.888916015625,119116.1171875,2973.35888671875,94.6480712890625,2.8359410762786865
2025-07-14,504.8515319824219,119849.703125,3013.350830078125,95.56168365478516,2.954977035522461
2025-07-15,497.8650207519531,117777.1875,3139.8896484375,96.32420349121094,2.918951988220215
2025-07-16,499.2821044921875,118738.5078125,3371.5068359375,97.50311279296875,3.041404962539673
2025-07-17,500.064208984375,119289.84375,3476.784423828125,101.6133804321289,3.495129108428955
2025-07-18,514.4284057617188,118003.2265625,3549.016357421875,101.67029571533203,3.4182119369506836
2025-07-19,513.4231567382812,117939.9765625,3595.273681640625,113.44483947753906,3.429405927658081
2025-07-20,547.8762817382812,117300.7890625,3759.471435546875,116.86455535888672,3.459528923034668
2025-07-21,523.5546264648438,117439.5390625,3763.371337890625,115.85136413574219,3.55576491355896
2025-07-22,525.9108276367188,119995.4140625,3749.1455078125,119.72321319580078,3.551676034927368
2025-07-23,512.2735595703125,118754.9609375,3629.70361328125,112.19160461425781,3.1849300861358643
2025-07-24,512.129150390625,118368.0,3708.005615234375,112.31222534179688,3.143894910812378
2025-07-25,556.8209228515625,117635.8828125,3727.266845703125,113.81566619873047,3.1417200565338135
2025-07-26,559.5679321289062,117947.3671875,3741.39599609375,113.98574829101562,3.167534112930298
2025-07-27,590.12890625,119448.4921875,3875.24658203125,114.80377197265625,3.2412819862365723
2025-07-28,571.1161499023438,117924.4765625,3787.42578125,108.59437561035156,3.11584210395813
2025-07-29,563.8141479492188,117922.1484375,3793.454833984375,108.53234100341797,3.1284310817718506
2025-07-30,590.1255493164062,117831.1875,3808.20166015625,110.53424835205078,3.0983760356903076
2025-07-31,562.23876953125,115758.203125,3696.707763671875,106.22357177734375,3.025170087814331
2025-08-01,535.5762329101562,113320.0859375,3488.365966796875,106.64380645751953,2.96459698677063
2025-08-02,520.4732055664062,112526.9140625,3392.7412109375,106.23706817626953,2.766371965408325
2025-08-03,544.4601440429688,114217.671875,3497.379150390625,110.4697265625,2.9495439529418945
2025-08-04,574.1052856445312,115071.8828125,3718.986083984375,121.20524597167969,3.072809934616089
2025-08-05,551.3870849609375,114141.4453125,3611.8994140625,120.26901245117188,2.963747978210449
2025-08-06,571.0632934570312,115028.0,3683.920654296875,119.29515075683594,2.9918880462646484
2025-08-07,582.2788696289062,117496.8984375,3914.325927734375,122.7258071899414,3.3182079792022705
2025-08-08,586.4481811523438,116688.7265625,4009.848876953125,123.87100982666016,3.2871201038360596
2025-08-09,567.5014038085938,116500.359375,4263.59912109375,120.42219543457031,3.2278831005096436
2025-08-10,570.7457885742188,119306.7578125,4254.2177734375,123.7939453125,3.1878559589385986
2025-08-11,579.3138427734375,118731.4453125,4226.966796875,120.28968811035156,3.134514093399048
2025-08-12,618.7223510742188,120172.90625,4590.9248046875,130.46371459960938,3.2665059566497803
2025-08-13,616.6964111328125,123344.0625,4756.27587890625,130.97703552246094,3.2805910110473633
2025-08-14,593.7769775390625,118359.578125,4548.16650390625,121.29955291748047,3.083522081375122
2025-08-15,592.5665893554688,117398.3515625,4439.98876953125,119.047119140625,3.078666925430298
2025-08-16,587.9867553710938,117491.3515625,4426.18017578125,120.94686889648438,3.108139991760254
2025-08-17,582.4995727539062,117453.0625,4473.271484375,120.84668731689453,3.089040994644165
2025-08-18,569.276123046875,116252.3125,4312.5048828125,117.70344543457031,3.0614829063415527
2025-08-19,548.0706176757812,112831.1796875,4073.464111328125,112.48564147949219,2.852924108505249
2025-08-20,560.5867309570312,114274.7421875,4334.50048828125,116.02650451660156,2.950748920440674
2025-08-21,553.983642578125,112419.03125,4223.2099609375,114.64163970947266,2.8504741191864014
2025-08-22,599.3248901367188,116874.0859375,4831.3486328125,122.79264068603516,3.075773000717163
2025-08-23,591.0036010742188,115374.328125,4776.09033203125,121.34606170654297,3.0462141036987305
2025-08-24,583.865234375,113458.4296875,4779.6474609375,118.19590759277344,3.0258688926696777
2025-08-25,544.4395751953125,110124.3515625,4372.98779296875,109.44448852539062,2.861272096633911
2025-08-26,550.5748291015625,111802.65625,4600.4267578125,113.49969482421875,3.0122179985046387
2025-08-27,550.0770263671875,111222.0625,4503.39306640625,112.13909912109375,2.966618061065674
2025-08-28,557.6010131835938,112544.8046875,4507.177734375,113.75818634033203,2.967094898223877
2025-08-29,531.1219482421875,108410.8359375,4360.15283203125,109.91402435302734,2.8219571113586426
2025-08-30,553.5634155273438,108808.0703125,4374.1533203125,110.81029510498047,2.818186044692993
2025-08-31,544.5551147460938,108236.7109375,4390.01904296875,108.90846252441406,2.7766408920288086
2025-09-01,544.568603515625,109250.59375,4314.47021484375,108.54405212402344,2.753695011138916
2025-09-02,585.287841796875,111200.5859375,4325.36572265625,111.67447662353516,2.861859083175659
2025-09-03,603.4998779296875,111723.2109375,4450.38916015625,112.95296478271484,2.8448948860168457
2025-09-04,586.7719116210938,110723.6015625,4298.744140625,111.09365844726562,2.795828104019165
2025-09-05,606.7718505859375,110650.984375,4306.98876953125,112.10284423828125,2.8162479400634766
2025-09-06,595.3136596679688,110224.6953125,4274.2421875,112.16635131835938,2.810854911804199
2025-09-07,603.4046020507812,111167.6171875,4305.34765625,115.02294158935547,2.8785619735717773
2025-09-08,588.297607421875,112071.4296875,4308.072265625,112.71385192871094,2.9704010486602783
2025-09-09,581.1709594726562,111530.546875,4309.04150390625,111.94290924072266,2.9466140270233154
2025-09-10,580.6012573242188,113955.359375,4349.14599609375,117.56956481933594,2.98170804977417
2025-09-11,596.3865356445312,115507.5390625,4461.2333984375,115.86506652832031,3.0409340858459473
2025-09-12,598.6129760742188,116101.578125,4715.24609375,118.1546859741211,3.1076419353485107
2025-09-13,598.5404052734375,115950.5078125,4668.1796875,119.29096221923828,3.121467113494873
2025-09-14,601.4661865234375,115407.65625,4609.59765625,115.20269775390625,3.032525062561035
2025-09-15,593.8782348632812,115444.875,4526.8203125,113.78031158447266,2.9971089363098145
2025-09-16,598.8651123046875,116843.1875,4503.564453125,115.03520202636719,3.038494110107422
2025-09-17,616.8861083984375,116468.5078125,4592.7333984375,117.03031921386719,3.084991931915283
2025-09-18,624.3959350585938,117137.203125,4589.9189453125,118.26287078857422,3.0762689113616943
2025-09-19,600.8482055664062,115688.859375,4470.9169921875,114.12752532958984,2.991852045059204
2025-09-20,595.0829467773438,115721.9609375,4482.265625,113.96715545654297,2.97891902923584
2025-09-21,594.320556640625,115306.09375,4451.3291015625,114.11297607421875,2.9734089374542236
2025-09-22,567.727783203125,112748.5078125,4202.87744140625,105.81873321533203,2.8530099391937256
2025-09-23,557.0358276367188,112014.5,4165.50390625,106.15792846679688,2.8281569480895996
2025-09-24,556.486328125,113328.6328125,4153.46923828125,105.61560821533203,2.928035020828247
2025-09-25,536.1151733398438,109049.2890625,3868.333984375,102.16448211669922,2.742319107055664
2025-09-26,548.5003662109375,109712.828125,4035.887939453125,104.64485931396484,2.7858119010925293
2025-09-27,544.2048950195312,109681.9453125,4018.658203125,104.54808044433594,2.807734966278076
2025-09-28,556.2056274414062,112122.640625,4141.4765625,106.8475112915039,2.8665859699249268
2025-09-29,561.4266967773438,114400.3828125,4217.341796875,106.8386001586914,2.8826920986175537
2025-09-30,560.0418701171875,114056.0859375,4145.95751953125,106.8980712890625,2.846930980682373
2025-10-01,593.0653686523438,118648.9296875,4351.1123046875,115.12531280517578,2.9472780227661133
2025-10-02,595.0222778320312,120681.2578125,4487.923828125,119.63856506347656,3.0393240451812744
2025-10-03,609.2512817382812,122266.53125,4514.87060546875,120.5226821899414,3.0408809185028076
2025-10-04,590.4147338867188,122425.4296875,4489.197265625,120.43743133544922,2.969348907470703
2025-10-05,594.2940673828125,123513.4765625,4515.4228515625,118.85699462890625,2.9706408977508545
2025-10-06,599.4307250976562,124752.53125,4687.771484375,118.33409118652344,2.9907169342041016
2025-10-07,576.8434448242188,121451.3828125,4451.15185546875,117.07422637939453,2.855971097946167
2025-10-08,583.4630737304688,123354.8671875,4527.64794921875,118.63648223876953,2.8808040618896484
2025-10-09,580.16064453125,121705.5859375,4369.1435546875,125.93396759033203,2.8049099445343018
2025-10-10,513.3910522460938,113214.3671875,3843.0087890625,96.62725067138672,2.3585970401763916
2025-10-11,500.38885498046875,110807.8828125,3750.611572265625,93.41954803466797,2.385982036590576
2025-10-12,541.6370239257812,115169.765625,4164.427734375,98.7606430053711,2.5349578857421875
2025-10-13,546.7172241210938,115271.078125,4245.4677734375,99.57048034667969,2.6064999103546143
2025-10-14,538.9210815429688,113118.6640625,4125.412109375,97.36569213867188,2.505660057067871
2025-10-15,522.3030395507812,110783.1640625,3987.45947265625,95.40121459960938,2.412666082382202
2025-10-16,504.8136291503906,108186.0390625,3894.75439453125,91.78864288330078,2.3290679454803467
2025-10-17,469.9474792480469,106467.7890625,3832.558837890625,90.11589813232422,2.294239044189453
2025-10-18,468.3700866699219,107198.265625,3890.34619140625,91.70246887207031,2.3605101108551025
2025-10-19,472.87347412109375,108666.7109375,3984.649658203125,93.28386688232422,2.390631914138794
2025-10-20,479.0804443359375,110588.9296875,3980.76025390625,94.11409759521484,2.4934189319610596
2025-10-21,481.7611389160156,108476.890625,3876.76416015625,92.6905517578125,2.4242711067199707
2025-10-22,473.4272766113281,107688.5859375,3808.122314453125,91.92095947265625,2.3638620376586914
2025-10-23,480.9351501464844,110069.7265625,3856.0263671875,94.043701171875,2.3951499462127686
2025-10-24,502.617919921875,111033.921875,3934.5673828125,96.4134521484375,2.507473945617676
2025-10-25,508.5125732421875,111641.7265625,3953.470947265625,96.98793029785156,2.596446990966797
2025-10-26,558.7027587890625,114472.4453125,4157.9892578125,99.96092987060547,2.645145893096924
2025-10-27,555.938720703125,114119.328125,4120.1220703125,99.379150390625,2.634629964828491
2025-10-28,557.8362426757812,112956.1640625,3982.262451171875,96.72423553466797,2.6059770584106445
2025-10-29,556.59375,110055.3046875,3903.35302734375,98.55887603759766,2.552021026611328
2025-10-30,541.5377807617188,108305.546875,3804.375244140625,93.38381958007812,2.4397149085998535
2025-10-31,536.194091796875,109556.1640625,3847.080322265625,95.49425506591797,2.508733034133911
2025-11-01,554.5016479492188,110064.015625,3874.18798828125,101.40185546875,2.505173921585083
2025-11-02,537.2799072265625,110639.625,3911.063232421875,99.51091003417969,2.529094934463501
2025-11-03,505.53045654296875,106547.5234375,3602.30810546875,87.39720153808594,2.309377908706665
2025-11-04,481.1529846191406,101590.5234375,3292.574462890625,85.4836654663086,2.210616111755371
2025-11-05,489.80682373046875,103891.8359375,3425.171142578125,89.55512237548828,2.3452250957489014
2025-11-06,472.376708984375,101301.2890625,3312.2578125,87.0000228881836,2.210848093032837
2025-11-07,511.1354675292969,103372.40625,3435.301025390625,101.78585815429688,2.3141629695892334
2025-11-08,495.8359680175781,102282.1171875,3400.3759765625,106.15178680419922,2.2848949432373047
2025-11-09,503.32281494140625,104719.640625,3582.621337890625,110.16724395751953,2.367656946182251
2025-11-10,517.1731567382812,105996.59375,3568.4599609375,104.2005844116211,2.526365041732788
2025-11-11,505.4093017578125,102997.46875,3415.2822265625,99.66584777832031,2.391724109649658
2025-11-12,507.0968933105469,101663.1875,3413.09423828125,97.54154205322266,2.3868958950042725
2025-11-13,509.6495361328125,99697.4921875,3232.757080078125,96.79256439208984,2.3311400413513184
2025-11-14,479.8135681152344,94397.7890625,3103.78564453125,97.51412963867188,2.2439820766448975
2025-11-15,502.3940124511719,95549.1484375,3166.63134765625,101.76781463623047,2.235245943069458
2025-11-16,483.67388916015625,94177.078125,3092.847412109375,95.89550018310547,2.216609001159668
2025-11-17,490.4173583984375,92093.875,3024.538818359375,91.24004364013672,2.162097930908203
2025-11-18,523.0634765625,92948.875,3122.97900390625,95.65458679199219,2.2164790630340576
2025-11-19,486.0149230957031,91465.9921875,3023.07080078125,92.87193298339844,2.1076180934906006
2025-11-20,480.1640625,86631.8984375,2831.777587890625,87.26893615722656,1.9987870454788208
2025-11-21,533.1057739257812,85090.6875,2765.69921875,82.60244750976562,1.9504029750823975
2025-11-22,556.4970703125,84648.359375,2767.607421875,82.17462921142578,1.9497510194778442
2025-11-23,539.2669067382812,86805.0078125,2801.676025390625,82.9775390625,2.046264886856079
2025-11-24,548.7407836914062,88270.5625,2952.71337890625,85.4774169921875,2.2258780002593994
2025-11-25,527.0858154296875,87341.890625,2957.936279296875,85.28216552734375,2.1985440254211426
2025-11-26,544.1484985351562,90518.3671875,3027.81201171875,86.87049102783203,2.2242848873138428
2025-11-27,532.4583129882812,91285.375,3014.542236328125,86.6272201538086,2.200824022293091
2025-11-28,549.3899536132812,90919.265625,3032.304443359375,84.3119888305664,2.1806480884552
2025-11-29,521.7120971679688,90851.7578125,2991.685302734375,84.07272338867188,2.2033770084381104
2025-11-30,541.7889404296875,90394.3125,2992.112548828125,82.55572509765625,2.1609671115875244
2025-12-01,522.865234375,86321.5703125,2800.18896484375,77.5888671875,2.0309159755706787
2025-12-02,546.04150390625,91350.203125,2997.939697265625,82.8125228881836,2.155522108078003
2025-12-03,591.4345703125,93527.8046875,3191.57177734375,85.993408203125,2.2019059658050537
2025-12-04,574.7135620117188,92141.625,3134.31640625,83.56643676757812,2.097172975540161
2025-12-05,560.5130004882812,89387.7578125,3024.432861328125,80.49064636230469,2.037606954574585
2025-12-06,583.8262939453125,89272.375,3040.207763671875,81.70176696777344,2.0326199531555176
2025-12-07,598.684326171875,90405.640625,3061.3017578125,81.42406463623047,2.0434200763702393
2025-12-08,579.8814697265625,90640.203125,3125.197998046875,83.90386962890625,2.073106050491333
2025-12-09,585.3843994140625,92691.7109375,3321.114990234375,86.10201263427734,2.1084249019622803
2025-12-10,573.5526733398438,92020.9453125,3325.39013671875,84.5068588256836,2.0433449745178223
2025-12-11,575.1439819335938,92511.3359375,3237.056884765625,82.94996643066406,2.035507917404175
2025-12-12,581.1588745117188,90270.4140625,3084.172607421875,81.92521667480469,2.0091450214385986
2025-12-13,580.5532836914062,90298.7109375,3116.6953125,81.5561752319336,2.023993968963623
2025-12-14,558.4771118164062,88175.1796875,3060.5947265625,78.97834777832031,1.979287028312683
2025-12-15,535.7216796875,86419.78125,2964.18310546875,77.59172821044922,1.8986730575561523
2025-12-16,546.167724609375,87843.984375,2964.180908203125,79.058837890625,1.9300730228424072
2025-12-17,546.0899047851562,86143.7578125,2831.403564453125,75.92557525634766,1.8618379831314087
2025-12-18,565.4888305664062,85462.5078125,2827.069091796875,74.28631591796875,1.8077770471572876
2025-12-19,624.416748046875,88103.3828125,2977.970703125,77.50352478027344,1.9073920249938965
2025-12-20,592.2434692382812,88344.0,2977.58251953125,77.84877014160156,1.9323979616165161
2025-12-21,590.0581665039062,88621.75,3001.61376953125,76.71600341796875,1.9220119714736938
2025-12-22,589.5384521484375,88490.015625,3006.07373046875,76.99530792236328,1.9027639627456665
2025-12-23,572.1438598632812,87414.0,2963.3740234375,76.9299545288086,1.872817039489746
2025-12-24,568.0906982421875,87611.9609375,2945.590576171875,75.74249267578125,1.861171007156372
2025-12-25,589.3689575195312,87234.7421875,2903.57958984375,75.67747497558594,1.8318359851837158
2025-12-26,593.6592407226562,87301.4296875,2925.74560546875,76.83277893066406,1.8429640531539917
2025-12-27,622.9710693359375,87802.15625,2947.998291015625,80.19060516357422,1.8728530406951904
2025-12-28,621.391357421875,87835.8359375,2948.568115234375,78.63316345214844,1.864359974861145
2025-12-29,598.3258666992188,87138.140625,2934.538330078125,78.2764892578125,1.8477239608764648
2025-12-30,595.146240234375,88430.1328125,2971.416748046875,78.76162719726562,1.8754940032958984
2025-12-31,598.9570922851562,87508.828125,2967.03759765625,76.77730560302734,1.839972972869873
