Date,Cent.Std,Cent.Mean,MST.Dist,Max.Cent,Net.Density,Short.Ret,Momentum,Recent.Vol,Port.Val,Downside.Vol,Avg.Corr
2017-10-15,1.4997544819274626,2.9768855545770645,1.0212018693563825,0.6979763609743419,0.13580246913580246,0.98524725,0.59831434,1.3433105,0.0,3.8369599158983876,0.026421234740840394
2017-10-16,1.4997544819274626,2.9768855545770645,1.0277681178238514,0.6979763609743419,0.13580246913580246,0.9490331,0.6707878,1.4054846,0.0,3.7626785169310937,0.025791321758946665
2017-10-17,1.4997544819274626,2.9768855545770645,1.0277566112606455,0.6979763609743419,0.13580246913580246,0.9105872,0.6331554,1.4402169,0.0,3.7197035771769613,0.025792530359471086
2017-10-18,1.4997544819274626,2.9768855545770645,1.0273934851320061,0.6979763609743419,0.13580246913580246,0.040418886,-0.20100507,0.95952415,0.0,4.007091337344118,0.025830482642682916
2017-10-19,1.4997544819274626,2.9768855545770645,1.0324585960226706,0.6979763609743419,0.13580246913580246,0.02580315,-0.12540063,0.90463686,0.0,4.006348831365248,0.02526802252280442
2017-10-20,1.4997544819274626,2.9768855545770645,1.0340307471109138,0.6979763609743419,0.13580246913580246,-0.19882676,-0.38305578,0.6979693,0.0,4.021677695302513,0.025078948742082153
2017-10-21,1.4997544819274626,2.9768855545770645,1.0355003299325944,0.6979763609743419,0.13580246913580246,-0.05484299,-0.27147007,0.75177467,0.0,4.120350434267438,0.024896001826352206
2017-10-22,1.4997544819274626,2.9768855545770645,1.0400494292822837,0.6979763609743419,0.13580246913580246,-0.11682297,-0.3870765,0.76343244,0.0,2.9394364013033245,0.024291661737166566
2017-10-23,1.4997544819274626,2.9768855545770645,1.038098213603249,0.6979763609743419,0.13580246913580246,0.05214197,-0.19612886,0.52321965,0.0,2.8541502479717384,0.0245579177332485
2017-10-24,1.4997544819274626,2.9768855545770645,1.037565958557907,0.6979763609743419,0.13580246913580246,-0.09243183,-0.29821423,0.48907828,0.0,2.7830305713036934,0.024628711487135423
2017-10-25,1.4997544819274626,2.9768855545770645,1.047725425663178,0.6979763609743419,0.13580246913580246,-0.21707158,-0.42720973,0.76957124,0.0,3.174213640553683,0.02314158566847076
2017-10-26,1.4997544819274626,2.9768855545770645,1.0503343256491249,0.6979763609743419,0.13580246913580246,-0.24450392,-0.4195794,0.7261572,0.0,3.174213640553683,0.022713433424702844
2017-10-27,1.4997544819274626,2.9768855545770645,1.0507224760588547,0.6979763609743419,0.13580246913580246,-0.14332409,-0.32663134,0.72335654,0.0,3.1304765351803114,0.022648117514569875
2017-10-28,1.4997544819274626,2.9768855545770645,1.0549723498445738,0.6979763609743419,0.13580246913580246,-0.14426485,-0.25622028,0.7112667,0.0,3.0576363035254497,0.02190559468576662
2017-10-29,1.4997544819274626,2.9768855545770645,1.0552539246047172,0.6979763609743419,0.13580246913580246,-0.07660021,-0.19951835,0.64041555,0.0,3.0440818127147864,0.02185462680435976
2017-10-30,1.4997544819274626,2.9768855545770645,1.0541164339213778,0.6979763609743419,0.13580246913580246,0.28382158,0.10878898,0.65485346,0.0,3.094436260384848,0.022059171913392364
2017-10-31,1.4997544819274626,2.9768855545770645,1.0548998872344135,0.6979763609743419,0.13580246913580246,0.13800701,0.0016789044,0.6606914,0.0,3.0494040362253534,0.021918675520389327
2017-11-01,1.4997544819274626,2.9768855545770645,1.0567675646689831,0.6979763609743419,0.13580246913580246,0.20321542,0.052685563,0.70749235,0.0,3.047957610668873,0.021576868592770013
2017-11-02,1.4997544819274626,2.9768855545770645,1.0607552053339524,0.6979763609743419,0.13580246913580246,0.26196247,0.104658954,0.7340216,0.0,3.138602836033187,0.020814654436819922
2017-11-03,1.4997544819274626,2.9768855545770645,1.0605059064896174,0.6979763609743419,0.13580246913580246,0.46248475,0.2628584,0.70002747,0.0,3.25860166115618,0.020863600845529514
2017-11-04,1.4997544819274626,2.9768855545770645,1.0610527450212608,0.6979763609743419,0.13580246913580246,0.31499964,0.084605254,0.6159017,0.0,3.3913956854512515,0.020756010619476774
2017-11-05,1.4997544819274626,2.9768855545770645,1.0614573514752659,0.6979763609743419,0.13580246913580246,0.3582097,0.13720663,0.5297575,0.0,3.3215381368366215,0.020675869820609115
2017-11-06,1.4997544819274626,2.9768855545770645,1.0612790215849992,0.6979763609743419,0.13580246913580246,0.26069495,0.047104787,0.5561572,0.0,3.304069097422666,0.020711247841893314
2017-11-07,1.4997544819274626,2.9768855545770645,1.0639647893838482,0.6979763609743419,0.13580246913580246,0.16409223,-0.024623854,0.6440987,0.0,3.3703572109105813,0.020169077776505583
2017-11-08,1.4997544819274626,2.9768855545770645,1.0661684285376531,0.6979763609743419,0.13580246913580246,0.27204478,0.056964505,0.8993732,0.0,3.3703572109105813,0.019709269397630444
2017-11-09,1.4997544819274626,2.9768855545770645,1.0632178227496667,0.6979763609743419,0.13580246913580246,0.3157898,0.068463124,0.95268166,0.0,3.260339345242552,0.02032187771191562
2017-11-10,1.4997544819274626,2.9768855545770645,1.0658259579626064,0.6979763609743419,0.13580246913580246,0.27228025,0.03591639,0.93488514,0.0,3.258101091061716,0.01978161411821157
2017-11-11,1.496531014801548,2.9785073498059655,0.4464275126892453,0.6426987215256681,1.0,-0.6735974,-0.74705625,6.926604,0.0,7.180435885293219,0.7511734543197146
2017-11-12,1.4997544819274626,2.9768855545770645,0.6146219294834164,0.6979763609743419,1.0,0.33592921,0.21754923,7.572666,0.0,6.9890839283782284,0.6115961898233482
2017-11-13,1.4997544819274633,2.9768855545770645,0.603618590367201,0.6979763609743421,1.0,-1.2791724,-1.164527,7.737348,0.0,7.274662334541872,0.6257934195915552
2017-11-14,1.4997544819274633,2.9768855545770645,0.5955939468165926,0.6979763609743421,1.0,-0.08116868,-0.15075935,9.492189,0.0,7.216313059548178,0.6500170652526184
2017-11-15,1.4997544819274633,2.9768855545770645,0.6412609905712365,0.6979763609743421,1.0,1.4954338,1.1680032,11.405847,0.0,7.12799368688099,0.5938203923790444
2017-11-16,1.4997544819274626,2.9768855545770645,0.6563228318732056,0.6979763609743419,1.0,2.3891103,2.069231,9.224679,0.0,6.931246531819145,0.5760293222563737
2017-11-17,1.4997544819274626,2.9768855545770645,0.6977128799833703,0.6979763609743419,1.0,1.2918984,0.96493846,9.337163,0.0,8.70972302052243,0.561186069965732
2017-11-18,1.4997544819274626,2.9768855545770645,0.7043109566832749,0.6979763609743419,1.0,2.7855742,2.4402578,8.92848,0.0,8.434253523960333,0.5587493247949344
2017-11-19,1.4997544819274626,2.9768855545770645,0.7034759751824706,0.6979763609743419,1.0,2.3381574,1.845736,8.616005,0.0,8.47415046259021,0.5550577708983698
2017-11-20,1.4997544819274626,2.9768855545770645,0.705929908625561,0.6979763609743419,1.0,0.67802984,0.2284537,6.168039,0.0,8.258909994251034,0.5524282241578109
2017-11-21,1.4997544819274626,2.9768855545770645,0.7024656103605698,0.6979763609743419,1.0,1.4446993,0.86456627,6.1940975,0.0,8.320729826516837,0.5523586274323077
2017-11-22,1.4997544819274626,2.9768855545770645,0.7022141987990018,0.6979763609743419,1.0,1.1399615,0.6316983,5.1111846,0.0,7.994965184294984,0.5516986391079628
2017-11-23,1.4997544819274626,2.9768855545770645,0.7069141161588757,0.6979763609743419,1.0,1.9452453,1.2603159,4.119925,0.0,8.05501417064039,0.5444225328690512
2017-11-24,1.4997544819274626,2.9768855545770645,0.727403921311842,0.6979763609743419,1.0,1.4283656,0.66170466,4.799333,0.0,7.920277263590893,0.5267861817874829
2017-11-25,1.4997544819274626,2.9768855545770645,0.7545771637629273,0.6979763609743419,1.0,2.161395,1.3108357,5.3981376,0.0,7.797874266970744,0.5094235487156478
2017-11-26,1.4997544819274626,2.9768855545770645,0.7476317535079187,0.6979763609743419,1.0,2.3956451,1.3923504,6.2339272,0.0,7.738203521496886,0.5110190942582102
2017-11-27,1.4997544819274626,2.9768855545770645,0.7685090433102318,0.6979763609743419,1.0,3.881906,2.7026143,6.435895,0.0,7.693680898453873,0.49542696469896375
2017-11-28,1.4997544819274626,2.9768855545770645,0.7824004418062964,0.6979763609743419,1.0,3.9331124,2.5798974,6.7711334,0.0,7.634885095234827,0.4952838286531057
2017-11-29,1.4997544819274626,2.9768855545770645,0.817343369338142,0.6979763609743419,1.0,4.7541885,3.2424664,6.8350573,0.0,7.4887931786221404,0.4495704389595711
2017-11-30,1.4997544819274626,2.9768855545770645,0.7761838669039185,0.6979763609743419,1.0,1.8777533,0.73723626,9.397124,0.0,8.549476438959076,0.4646537820510201
2017-12-01,1.4997544819274626,2.9768855545770645,0.7692200424662214,0.6979763609743419,1.0,2.1598592,0.8304573,9.506649,0.0,8.565668844658074,0.46871098354394736
2017-12-02,1.4997544819274626,2.9768855545770645,0.768823515231717,0.6979763609743419,1.0,2.5267982,0.97003394,9.505559,0.0,8.564397025279057,0.46962946336986316
2017-12-03,1.4997544819274626,2.9768855545770645,0.7699964965687593,0.6979763609743419,1.0,1.9931861,0.3848544,9.498344,0.0,8.49913332096899,0.466613562885103
2017-12-04,1.4997544819274626,2.9768855545770645,0.7746936620728557,0.6979763609743419,1.0,0.93346995,-0.68133044,8.75991,0.0,8.401768088323974,0.461726916233669
2017-12-05,1.4997544819274626,2.9768855545770645,0.7744934312853587,0.6979763609743419,1.0,4.109884,2.3440876,4.984876,0.0,8.42937077299618,0.4615266981613535
2017-12-06,1.4997544819274626,2.9768855545770645,0.8002840763677173,0.6979763609743419,1.0,3.3461816,1.502532,5.1149244,0.0,8.277844810026805,0.45243297579417585
2017-12-07,1.4997544819274626,2.9768855545770645,0.8266744349059467,0.6979763609743419,1.0,3.3954728,1.3001451,7.188101,0.0,8.17519642500011,0.40591066622136024
2017-12-08,1.4997544819274626,2.9768855545770645,0.8605145766231296,0.6979763609743419,1.0,3.4766624,1.3342277,8.333442,0.0,8.178188702056683,0.3733882411038931
2017-12-09,1.4997544819274626,2.9768855545770645,0.8787864287659997,0.6979763609743419,1.0,4.623675,2.2908938,10.086866,0.0,8.146978648466007,0.3488430166816009
2017-12-10,1.4997544819274626,2.9768855545770645,0.886578454456088,0.6979763609743419,1.0,3.6365757,1.3100637,10.773287,0.0,8.018053883742928,0.33326589784644756
2017-12-11,1.4365456201307918,3.0078975701300315,0.8872317464567369,0.7071062168043301,0.7530864197530864,2.167519,-0.14965001,10.768745,0.0,7.552991599275128,0.24370281759664447
2017-12-12,1.4365456201307918,3.0078975701300315,0.8659011140870556,0.7071062168043301,0.8024691358024691,3.7595193,1.0935932,11.186934,0.0,7.612337260818381,0.30136478926785476
2017-12-13,1.4365456201307918,3.0078975701300315,0.8378600153890334,0.7071062168043301,0.8024691358024691,7.2080793,3.6511025,12.050607,0.0,7.580677511460603,0.2982536710275087
2017-12-14,1.4997544819274626,2.9768855545770645,0.8478124430175087,0.6979763609743419,0.8024691358024691,8.764916,4.9577875,14.91349,0.0,7.4939659023287755,0.2852361565411495
2017-12-15,1.499754481927463,2.9768855545770645,0.8825147305534169,0.697976360974342,0.8024691358024691,11.7373495,7.703851,16.15783,0.0,7.530726105979379,0.2902875346442543
2017-12-16,1.4997544819274626,2.9768855545770645,0.8906892584735128,0.6979763609743419,0.8024691358024691,13.1571,9.045266,15.805666,0.0,7.66069701169902,0.2696673322502276
2017-12-17,1.4997544819274626,2.9768855545770645,0.8925367304293763,0.6979763609743419,0.8024691358024691,12.745709,8.170815,16.010115,0.0,6.655637933585641,0.26264122582365845
2017-12-18,1.4997544819274626,2.9768855545770645,0.8888224683978735,0.6979763609743419,0.7777777777777778,9.570472,4.8826795,14.301011,0.0,6.655288435168999,0.26851865357909266
2017-12-19,1.4997544819274626,2.9768855545770645,0.8869567383859707,0.6979763609743419,0.8518518518518519,8.460305,3.6328182,12.591851,0.0,6.634748896433839,0.26752029780167663
2017-12-20,1.4997544819274626,2.9768855545770645,0.8980542802015379,0.6979763609743419,0.7530864197530864,6.75623,1.7096987,11.040414,0.0,6.644647366338453,0.25181738522068964
2017-12-21,1.4997544819274626,2.9768855545770645,0.8987211313985249,0.6979763609743419,0.7283950617283951,6.30578,1.3837656,11.429934,0.0,6.6164436220215785,0.24086403645200033
2017-12-22,1.4997544819274626,2.9768855545770645,0.9061823807541007,0.6979763609743419,0.7283950617283951,3.811852,-1.2083577,11.277918,0.0,7.0886408127146625,0.22021227074404176
2017-12-23,1.4365456201307918,3.0078975701300315,0.8383243191149721,0.7071062168043301,1.0,-0.4875844,-4.7699056,13.853319,0.0,9.110868330361026,0.32600994139956135
2017-12-24,1.4365456201307918,3.0078975701300315,0.8255262036491081,0.7071062168043301,1.0,-0.04781359,-4.6292706,14.645251,0.0,9.246813838244746,0.33778700475835616
2017-12-25,1.4365456201307918,3.0078975701300315,0.8013001021915752,0.7071062168043301,1.0,-2.8392005,-7.052299,14.697282,0.0,10.104735556930232,0.3550824159845618
2017-12-26,1.4365456201307918,3.0078975701300315,0.8022612672854852,0.7071062168043301,1.0,-1.528755,-5.7967024,14.655554,0.0,10.12788634219854,0.35116882962467366
2017-12-27,1.4365456201307918,3.0078975701300315,0.8034893682172879,0.7071062168043301,1.0,-0.09095171,-4.4490185,13.893334,0.0,10.177882938508594,0.34661951635798965
2017-12-28,1.4365456201307918,3.0078975701300315,0.8025471466614518,0.7071062168043301,1.0,3.7817028,-0.47538352,9.628822,0.0,10.107875250575077,0.348388579138554
2017-12-29,1.4365456201307918,3.0078975701300315,0.7915896414676657,0.7071062168043301,1.0,0.7861765,-3.133945,9.371378,0.0,9.978825858996359,0.3691868269366267
2017-12-30,1.4365456201307918,3.0078975701300315,0.8191375895986012,0.7071062168043301,1.0,3.8918977,-0.65689147,10.903615,0.0,9.587812019685572,0.3221254342099507
2017-12-31,1.4365456201307918,3.0078975701300315,0.8075339122415045,0.7071062168043301,1.0,1.1189129,-2.9755435,11.173702,0.0,9.509302312538328,0.3450046051436145
2018-01-01,1.4365456201307918,3.0078975701300315,0.8057816216652592,0.7071062168043301,1.0,1.2685058,-2.8798456,10.65432,0.0,9.55054333518681,0.34923916687912615
2018-01-02,1.4365456201307918,3.0078975701300315,0.804986611365232,0.7071062168043301,1.0,1.7171127,-2.4939616,10.391606,0.0,9.479960993975286,0.3452186956186375
2018-01-03,1.4365456201307918,3.0078975701300315,0.8002745235948221,0.7071062168043301,1.0,5.1398683,0.51868016,11.485575,0.0,9.566814847039728,0.35225452370566535
2018-01-04,1.4365456201307918,3.0078975701300315,0.8005688379530416,0.7071062168043301,1.0,5.9842024,1.1230268,10.29384,0.0,9.498101640634836,0.3496393266003974
2018-01-05,1.4365456201307918,3.0078975701300315,0.8060071267220359,0.7071062168043301,1.0,8.866785,3.8522282,10.444454,0.0,9.733611600270015,0.33793024280382344
2018-01-06,1.4365456201307918,3.0078975701300315,0.7957892291659678,0.7071062168043301,1.0,8.48807,3.4909525,13.2160635,0.0,9.75507421539494,0.3339275276039705
2018-01-07,1.4365456201307918,3.0078975701300315,0.7906675605797192,0.7071062168043301,1.0,9.237834,4.066565,14.619782,0.0,10.128165813682056,0.3468596477459556
2018-01-08,1.4365456201307918,3.0078975701300315,0.7992317864819048,0.7071062168043301,1.0,6.6744537,1.7114693,15.048883,0.0,10.236473630642832,0.3503413877671358
2018-01-09,1.4365456201307918,3.0078975701300315,0.7855868660568173,0.7071062168043301,1.0,1.3831892,-3.1024222,16.289396,0.0,11.559374099836612,0.38798868227142624
2018-01-10,1.4365456201307918,3.0078975701300315,0.8135435780497646,0.7071062168043301,1.0,-1.0521986,-5.530136,13.220079,0.0,11.750184550658112,0.3816028629678709
2018-01-11,1.4365456201307918,3.0078975701300315,0.8299360567634576,0.7071062168043301,1.0,-1.6159725,-5.7171745,12.861799,0.0,11.640114706003724,0.36969069075696903
2018-01-12,1.4365456201307918,3.0078975701300315,0.8269706083006748,0.7071062168043301,1.0,-4.2206244,-7.4871097,11.106777,0.0,11.535038988383462,0.36157605749439126
2018-01-13,1.4365456201307918,3.0078975701300315,0.8098789275970871,0.7071062168043301,1.0,-2.6491601,-5.7097983,11.56881,0.0,11.659023662107382,0.37400447308380813
2018-01-14,1.4365456201307918,3.0078975701300315,0.7954314845010326,0.7071062168043301,1.0,0.99678636,-1.6987312,9.333739,0.0,11.655567228643186,0.3700513093190106
2018-01-15,1.4365456201307918,3.0078975701300315,0.7770919664789884,0.7071062168043301,1.0,0.29166296,-2.0420349,9.699402,0.0,11.620012693064325,0.39203960158933593
2018-01-16,1.4365456201307918,3.0078975701300315,0.7721689050306956,0.7071062168043301,1.0,-1.5724882,-3.287324,9.080519,0.0,11.331759004495856,0.3982285053254318
2018-01-17,1.4365456201307918,3.0078975701300315,0.7054122239226379,0.7071062168043301,1.0,-6.0439095,-6.7079983,14.24443,0.0,13.61647160892038,0.49601469495177825
2018-01-18,1.4365456201307918,3.0078975701300315,0.7057220017673488,0.7071062168043301,1.0,-6.6837034,-7.2203403,14.326196,0.0,13.567611458542341,0.4920359717096775
2018-01-19,1.4365456201307918,3.0078975701300315,0.6923674157791997,0.7071062168043301,1.0,-6.3200555,-6.836192,14.185562,0.0,13.664626202566584,0.5067043165611135
2018-01-20,1.4365456201307918,3.0078975701300315,0.6660127340181987,0.7071062168043301,1.0,-4.424543,-4.969854,14.334926,0.0,13.839512579827314,0.5281063325879546
2018-01-21,1.4365456201307918,3.0078975701300315,0.6499149419354318,0.7071062168043301,1.0,-1.1332502,-2.0239024,16.430784,0.0,13.970351174216587,0.5479246239745623
2018-01-22,1.4365456201307918,3.0078975701300315,0.6619224600363356,0.7071062168043301,1.0,1.7225657,0.6901187,10.892691,0.0,13.426634970121006,0.5423930331263853
2018-01-23,1.4365456201307918,3.0078975701300315,0.6652079039088155,0.7071062168043301,1.0,0.13457237,-0.4324621,10.136884,0.0,13.191022652752844,0.5380545211123149
2018-01-24,1.4365456201307918,3.0078975701300315,0.6665591873646892,0.7071062168043301,1.0,-1.2408111,-2.023346,9.151601,0.0,12.8653655818684,0.5345463231032732
2018-01-25,1.4365456201307918,3.0078975701300315,0.6614728536760599,0.7071062168043301,1.0,-0.40645337,-1.1388143,9.713141,0.0,12.898649319123932,0.5369422911932145
2018-01-26,1.4365456201307918,3.0078975701300315,0.6584952632599905,0.7071062168043301,1.0,-2.5538988,-3.0340598,7.0343833,0.0,12.823155376226785,0.5417444234458011
2018-01-27,1.4365456201307918,3.0078975701300315,0.6530155345309577,0.7071062168043301,1.0,-0.1910181,-0.5613449,3.91229,0.0,12.841320468484534,0.5468130553564645
2018-01-28,1.4365456201307918,3.0078975701300315,0.6555060315428529,0.7071062168043301,1.0,0.65925384,0.11337314,3.3588705,0.0,13.086037776404222,0.5474502776538774
2018-01-29,1.4365456201307918,3.0078975701300315,0.6376411063675995,0.7071062168043301,1.0,2.0480914,1.5728576,4.216906,0.0,13.149133955966914,0.5715808003350841
2018-01-30,1.4365456201307918,3.0078975701300315,0.6380762414267284,0.7071062168043301,1.0,-0.02164599,-0.56391376,4.868152,0.0,13.00594337212275,0.5742493820203398
2018-01-31,1.4365456201307918,3.0078975701300315,0.6283860279871223,0.7071062168043301,1.0,-2.825171,-2.6230526,7.8807564,0.0,12.880702450939886,0.5890062243952916
2018-02-01,1.4365456201307918,3.0078975701300315,0.622891972572359,0.7071062168043301,1.0,-2.058048,-1.7991813,8.223889,0.0,12.961225633189963,0.5963758569230252
2018-02-02,1.4365456201307918,3.0078975701300315,0.6176494487198655,0.7071062168043301,1.0,-5.248491,-4.0629783,9.602548,0.0,12.870745177004439,0.6023205529109488
2018-02-03,1.4365456201307918,3.0078975701300315,0.5841733749632672,0.7071062168043301,1.0,-7.8129044,-5.9886203,7.573503,0.0,12.646431746193675,0.6152199506387307
2018-02-04,1.4365456201307918,3.0078975701300315,0.5761180441255798,0.7071062168043301,1.0,-5.473422,-3.6256552,10.187202,0.0,12.655669812950045,0.6592974069460007
2018-02-05,1.4365456201307918,3.0078975701300315,0.5469539657503751,0.7071062168043301,1.0,-5.1460752,-2.6715994,9.884959,0.0,12.489447779624918,0.6890428905459949
2018-02-06,1.4365456201307918,3.0078975701300315,0.506383605651834,0.7071062168043301,1.0,-9.536777,-6.1488085,10.427951,0.0,12.725349255367412,0.7355831311585463
2018-02-07,1.4365456201307918,3.0078975701300315,0.46294601659349105,0.7071062168043301,1.0,-3.7754295,-0.84826994,14.141997,0.0,12.731003600579683,0.7742325925723386
2018-02-08,1.4365456201307918,3.0078975701300315,0.4612320293100649,0.7071062168043301,1.0,-3.3803492,-0.7621422,13.948765,0.0,12.078564158622761,0.7801274512996021
2018-02-09,1.4365456201307918,3.0078975701300315,0.4460491164820581,0.7071062168043301,1.0,-2.4370544,-0.3584785,14.918104,0.0,12.172190370110215,0.7959229701874541
2018-02-10,1.4365456201307918,3.0078975701300315,0.43041778016295285,0.7071062168043301,1.0,2.3113635,4.1312833,15.028011,0.0,12.223600093211529,0.812038317161585
2018-02-11,1.4365456201307918,3.0078975701300315,0.3968153662837646,0.7071062168043301,1.0,5.971374,7.6606765,9.88311,0.0,12.21937321860368,0.8309487632041003
2018-02-12,1.4365456201307918,3.0078975701300315,0.3946761682925246,0.7071062168043301,1.0,1.7807484,3.96959,9.841469,0.0,11.928218963578534,0.8336117358208089
2018-02-13,1.4365456201307918,3.0078975701300315,0.3883431912459208,0.7071062168043301,1.0,4.3593664,6.4171433,9.198238,0.0,11.934321314977506,0.8438978251560916
2018-02-14,1.4365456201307918,3.0078975701300315,0.3863933464846806,0.7071062168043301,1.0,1.6681151,3.5172825,8.220474,0.0,11.943924212441006,0.8454444413993977
2018-02-15,1.4365456201307918,3.0078975701300315,0.3800159799322433,0.7071062168043301,1.0,1.7467607,3.0134726,8.503354,0.0,12.187499980608196,0.8412311884192412
2018-02-16,1.4365456201307918,3.0078975701300315,0.4270135011781313,0.7071062168043301,1.0,2.4870088,2.754491,7.9690423,0.0,9.567430306573106,0.8041961787244999
2018-02-17,1.4365456201307918,3.0078975701300315,0.4011874706258393,0.7071062168043301,1.0,4.505459,4.82944,6.442418,0.0,9.583073243130453,0.8224852742574966
2018-02-18,1.4365456201307918,3.0078975701300315,0.4049930854536314,0.7071062168043301,1.0,3.7225451,4.1065555,6.2714615,0.0,9.629707439336396,0.8278267918832273
2018-02-19,1.4365456201307918,3.0078975701300315,0.40037566786193174,0.7071062168043301,1.0,2.8669677,3.500883,7.4403334,0.0,9.360501195666531,0.8318771381040688
2018-02-20,1.4365456201307918,3.0078975701300315,0.395153322117594,0.7071062168043301,1.0,1.1166075,2.008343,5.153915,0.0,9.360501195666531,0.8433119036664691
2018-02-21,1.4365456201307918,3.0078975701300315,0.4189796744541681,0.7071062168043301,1.0,-0.49159783,0.14491181,6.0571547,0.0,9.173921522110199,0.8274319191656185
2018-02-22,1.4365456201307918,3.0078975701300315,0.403569938579283,0.7071062168043301,1.0,-2.2979772,-1.5685711,5.8733416,0.0,9.082603934813175,0.8344417326945694
2018-02-23,1.4365456201307918,3.0078975701300315,0.3979899665139822,0.7071062168043301,1.0,-4.447983,-3.5294437,5.031003,0.0,8.766626156470492,0.8373758064846734
2018-02-24,1.4365456201307918,3.0078975701300315,0.39104191643595443,0.7071062168043301,1.0,-1.9820544,-1.0855386,6.4593706,0.0,8.766626156470492,0.8443097427396274
2018-02-25,1.4365456201307918,3.0078975701300315,0.3831505252152546,0.7071062168043301,1.0,-3.509608,-2.4585876,5.806189,0.0,8.564845845363902,0.8481891729951634
2018-02-26,1.4365456201307918,3.0078975701300315,0.38128681533645,0.7071062168043301,1.0,-2.4600358,-1.4453565,5.435562,0.0,8.535769198711021,0.8505444922556679
2018-02-27,1.4365456201307918,3.0078975701300315,0.3801733140223595,0.7071062168043301,1.0,-0.5513263,0.37984318,5.663477,0.0,8.514289949489722,0.8507735339662824
2018-02-28,1.4365456201307918,3.0078975701300315,0.3748661477451714,0.7071062168043301,1.0,1.2294637,2.2844405,4.4285703,0.0,8.613639800295106,0.8549517109161451
2018-03-01,1.4365456201307918,3.0078975701300315,0.3779199187701401,0.7071062168043301,1.0,-0.5654079,0.42173475,4.1054907,0.0,8.726492212506166,0.8524387000388871
2018-03-02,1.4365456201307918,3.0078975701300315,0.387327835003214,0.7071062168043301,1.0,1.1602693,1.5470496,3.9456,0.0,8.505966264589905,0.8436835141024894
2018-03-03,1.4365456201307918,3.0078975701300315,0.38376449836635707,0.7071062168043301,1.0,0.9901445,1.4967917,3.9652278,0.0,8.425733175433898,0.8457910738793496
2018-03-04,1.4365456201307918,3.0078975701300315,0.3893654802513406,0.7071062168043301,1.0,0.30519453,0.31074977,4.243864,0.0,7.9972173347708875,0.8249248594938674
2018-03-05,1.4365456201307918,3.0078975701300315,0.3764949555780236,0.7071062168043301,1.0,0.38359526,0.072488844,4.3207197,0.0,8.090538576963695,0.8236635206584964
2018-03-06,1.4365456201307918,3.0078975701300315,0.3719459738921973,0.7071062168043301,1.0,0.6865545,0.6470344,3.804428,0.0,8.009246702816672,0.8283544411065287
2018-03-07,1.4365456201307918,3.0078975701300315,0.3773996263886788,0.7071062168043301,1.0,-1.3723899,-1.6145571,4.2941875,0.0,7.545670010949422,0.819831514495095
2018-03-08,1.4365456201307918,3.0078975701300315,0.4196141784106536,0.7071062168043301,1.0,-2.6637106,-3.3025744,4.7482567,0.0,4.802877795831792,0.7806683863748413
2018-03-09,1.4365456201307918,3.0078975701300315,0.43735030957520754,0.7071062168043301,1.0,-3.867379,-3.846499,4.4134774,0.0,4.679992537781761,0.7644805200903998
2018-03-10,1.4365456201307918,3.0078975701300315,0.4465564371880403,0.7071062168043301,1.0,-3.9670577,-4.1803794,4.1575456,0.0,4.706553081070818,0.7608531037408495
2018-03-11,1.4365456201307918,3.0078975701300315,0.4418359518938415,0.7071062168043301,1.0,-4.7863774,-4.434344,4.027018,0.0,4.592386724435057,0.7688760272083833
2018-03-12,1.4365456201307918,3.0078975701300315,0.4458833525269242,0.7071062168043301,1.0,-2.134203,-1.6354424,6.499368,0.0,4.592386724435057,0.764940363988208
2018-03-13,1.4365456201307918,3.0078975701300315,0.42099582050328,0.7071062168043301,1.0,-1.6201731,-0.9937791,5.963964,0.0,4.561041362464335,0.7902222402330206
2018-03-14,1.4365456201307918,3.0078975701300315,0.4592971037759946,0.7071062168043301,1.0,-0.043587044,0.281349,6.196502,0.0,4.5498906178915375,0.7551622816647741
2018-03-15,1.4365456201307918,3.0078975701300315,0.44849051236724846,0.7071062168043301,1.0,-2.6999378,-1.7367089,7.840092,0.0,5.179015895723631,0.7673749863325451
2018-03-16,1.4365456201307918,3.0078975701300315,0.44338683562457337,0.7071062168043301,1.0,-1.6581391,-0.7517296,7.665658,0.0,5.265602279434657,0.7733634117945727
2018-03-17,1.4365456201307918,3.0078975701300315,0.46951136541283217,0.7071062168043301,1.0,-3.1640854,-1.8468505,5.888455,0.0,5.256313674783202,0.7502234747910657
2018-03-18,1.4365456201307918,3.0078975701300315,0.47153257634382656,0.7071062168043301,1.0,-3.4793184,-1.8585365,6.0321484,0.0,5.2251948280222384,0.7500389675895319
2018-03-19,1.4365456201307918,3.0078975701300315,0.4768144180815046,0.7071062168043301,1.0,-3.6659508,-1.9791132,5.6764865,0.0,5.239609474954462,0.7542227519814706
2018-03-20,1.4365456201307918,3.0078975701300315,0.5025089295697923,0.7071062168043301,1.0,0.6257285,2.1050937,6.355157,0.0,5.202001318091161,0.7361801923763501
2018-03-21,1.4365456201307918,3.0078975701300315,0.5230527578387764,0.7071062168043301,1.0,1.4197974,2.567402,6.8634863,0.0,5.229365749073793,0.7125411572503523
2018-03-22,1.4365456201307918,3.0078975701300315,0.5352735537560288,0.7071062168043301,1.0,1.7976477,3.001376,7.3682995,0.0,5.192630695177616,0.6966655344769052
2018-03-23,1.4365456201307918,3.0078975701300315,0.5273669444832815,0.7071062168043301,1.0,2.7045593,3.7926483,6.1934094,0.0,5.0711203868728605,0.7074215343260462
2018-03-24,1.4365456201307918,3.0078975701300315,0.5347152977737375,0.7071062168043301,1.0,2.9677658,3.7769797,6.4050083,0.0,5.1442215983776425,0.6981317503629021
2018-03-25,1.4365456201307918,3.0078975701300315,0.5557673114630396,0.7071062168043301,1.0,1.2397258,1.7711395,4.8183713,0.0,5.112042132906312,0.663858802764508
2018-03-26,1.4365456201307918,3.0078975701300315,0.5670280541480099,0.7071062168043301,1.0,0.27248934,1.0443366,4.4015226,0.0,5.116105817129374,0.6487727670317589
2018-03-27,1.4365456201307918,3.0078975701300315,0.558750791069547,0.7071062168043301,1.0,-1.1592975,-0.34728765,4.5097632,0.0,5.163354610706699,0.654163965383389
2018-03-28,1.4365456201307918,3.0078975701300315,0.5557882071804547,0.7071062168043301,1.0,-1.7493459,-0.77970517,4.9793296,0.0,5.137569555054181,0.6592624629770503
2018-03-29,1.4365456201307918,3.0078975701300315,0.5607166881479191,0.7071062168043301,1.0,-1.8600101,-0.8326823,4.7331524,0.0,5.123638914491781,0.6538387259219332
2018-03-30,1.4365456201307918,3.0078975701300315,0.5286328827098266,0.7071062168043301,1.0,-4.6210713,-3.1145685,6.1524773,0.0,5.887605565813647,0.6827659540439508
2018-03-31,1.4365456201307918,3.0078975701300315,0.539843065377237,0.7071062168043301,1.0,-4.359444,-2.9552574,6.274714,0.0,5.942173030146626,0.6779338782063119
2018-04-01,1.4365456201307918,3.0078975701300315,0.5557490941408788,0.7071062168043301,1.0,-3.3620107,-1.7962875,7.053687,0.0,6.16378958240424,0.6542061714469384
2018-04-02,1.4365456201307918,3.0078975701300315,0.5529047519993608,0.7071062168043301,1.0,-3.051876,-1.4085652,7.008574,0.0,6.141170335304178,0.6593210073238347
2018-04-03,1.4365456201307918,3.0078975701300315,0.53717815108036,0.7071062168043301,1.0,-2.30102,-0.83932304,7.562618,0.0,6.119103492264546,0.6816159034419138
2018-04-04,1.4365456201307918,3.0078975701300315,0.5272202168334303,0.7071062168043301,1.0,1.445374,2.7749138,5.4880548,0.0,6.116696837942608,0.684769007254549
2018-04-05,1.4365456201307918,3.0078975701300315,0.5064388539845153,0.7071062168043301,1.0,-0.59165704,1.0255648,7.8196507,0.0,6.369852080423125,0.7033950184727753
2018-04-06,1.4365456201307918,3.0078975701300315,0.51521826466932,0.7071062168043301,1.0,0.3937555,1.6651211,8.510538,0.0,6.496876065218466,0.6910357767265511
2018-04-07,1.4365456201307918,3.0078975701300315,0.518432905050865,0.7071062168043301,1.0,0.15425304,1.3279032,8.642287,0.0,6.3959181689487785,0.6866555356517842
2018-04-08,1.4365456201307918,3.0078975701300315,0.5226153531967539,0.7071062168043301,1.0,-0.4348338,0.45477214,8.20584,0.0,6.558808962282497,0.6801105524409388
2018-04-09,1.4365456201307918,3.0078975701300315,0.5168893060557077,0.7071062168043301,1.0,-1.3449237,-0.45240632,7.0829554,0.0,6.530100438438689,0.6813291440668681
2018-04-10,1.4365456201307918,3.0078975701300315,0.5250249070270621,0.7071062168043301,1.0,0.22584814,1.007699,4.86624,0.0,6.597840003668831,0.6742856871727985
2018-04-11,1.4365456201307918,3.0078975701300315,0.5310173553358658,0.7071062168043301,1.0,-0.29958135,0.66601396,3.4618464,0.0,6.5999444479982134,0.6658024510604086
2018-04-12,1.4365456201307918,3.0078975701300315,0.5374151510341153,0.7071062168043301,1.0,1.9908116,2.562631,4.3342,0.0,6.752568030270525,0.6550767240409593
2018-04-13,1.4365456201307918,3.0078975701300315,0.5184204280368355,0.7071062168043301,1.0,3.4436646,3.7520618,6.3702645,0.0,6.763146569935245,0.6756202781433056
2018-04-14,1.4365456201307918,3.0078975701300315,0.5459651676645141,0.7071062168043301,1.0,3.2320263,3.135883,6.5128174,0.0,6.335113904903144,0.6429380954585748
2018-04-15,1.4365456201307918,3.0078975701300315,0.545601419169384,0.7071062168043301,1.0,3.8469913,3.7113204,5.950998,0.0,6.366269680703374,0.6426703336193613
2018-04-16,1.4365456201307918,3.0078975701300315,0.5432817161600737,0.7071062168043301,1.0,4.55619,4.2350726,6.1518397,0.0,6.391076805846897,0.6382799492066198
2018-04-17,1.4365456201307918,3.0078975701300315,0.5470698556229164,0.7071062168043301,1.0,2.4816406,2.0599668,5.603722,0.0,6.2763443749930055,0.6332421679174183
2018-04-18,1.4365456201307918,3.0078975701300315,0.5437893760958868,0.7071062168043301,1.0,0.6296043,0.22207579,3.9163804,0.0,6.240481748168037,0.6332473046698508
2018-04-19,1.4365456201307918,3.0078975701300315,0.5534816812968003,0.7071062168043301,1.0,2.1898668,1.8330339,5.0649366,0.0,6.240481748168037,0.6250468981814963
2018-04-20,1.4365456201307918,3.0078975701300315,0.5451575394790853,0.7071062168043301,1.0,3.1516237,2.7273152,5.2580233,0.0,6.285009227055653,0.6326109324213136
2018-04-21,1.4365456201307918,3.0078975701300315,0.5321889439847782,0.7071062168043301,1.0,4.0737476,3.3732805,6.077742,0.0,6.363300517168538,0.6547736725189375
2018-04-22,1.4365456201307918,3.0078975701300315,0.5370850351734197,0.7071062168043301,1.0,4.5572906,3.8268282,5.8097773,0.0,6.380239711435024,0.649406050061224
2018-04-23,1.4365456201307918,3.0078975701300315,0.5337278450342152,0.7071062168043301,1.0,4.359712,3.7201924,5.8050437,0.0,6.34191043228562,0.661492009048795
2018-04-24,1.4365456201307918,3.0078975701300315,0.5286092327482701,0.7071062168043301,1.0,3.747332,2.9725647,5.4641247,0.0,6.446440816419763,0.6779481827784886
2018-04-25,1.4365456201307918,3.0078975701300315,0.5187892951242695,0.7071062168043301,1.0,4.967508,3.7606962,7.0906353,0.0,6.495710478563964,0.6912130643160922
2018-04-26,1.4365456201307918,3.0078975701300315,0.5009379047447622,0.7071062168043301,1.0,0.7262474,-0.2884774,9.475448,0.0,7.268976343044526,0.7038015724488491
2018-04-27,1.4365456201307918,3.0078975701300315,0.49688185433058285,0.7071062168043301,1.0,2.5121782,1.0714618,9.95922,0.0,7.477126073263207,0.7061296748930258
2018-04-28,1.4365456201307918,3.0078975701300315,0.4930798350259637,0.7071062168043301,1.0,2.2055867,0.8884677,10.072513,0.0,7.350696180419015,0.7083871843745694
2018-04-29,1.4365456201307918,3.0078975701300315,0.5236689199636614,0.7071062168043301,1.0,2.5287037,0.56230706,9.82565,0.0,6.493137265875394,0.6803007242211088
2018-04-30,1.4365456201307918,3.0078975701300315,0.5200696204670128,0.7071062168043301,1.0,1.0347097,-1.0711275,8.234022,0.0,6.584720730120867,0.6803989378609758
2018-05-01,1.4365456201307918,3.0078975701300315,0.5082115635733836,0.7071062168043301,1.0,2.2987235,0.34054303,6.3885155,0.0,6.506518953109,0.7003870844213993
2018-05-02,1.4365456201307918,3.0078975701300315,0.5103628281277834,0.7071062168043301,1.0,0.9342652,-1.170808,5.395163,0.0,6.662902191002303,0.6961143355293414
2018-05-03,1.4365456201307918,3.0078975701300315,0.4995540794359249,0.7071062168043301,1.0,1.6453565,-0.3294918,5.203927,0.0,6.643508765104698,0.6999977936371711
2018-05-04,1.4365456201307918,3.0078975701300315,0.5079503082896246,0.7071062168043301,1.0,0.7207728,-1.1248568,5.2245817,0.0,6.623403798491737,0.6902587547645301
2018-05-05,1.4365456201307918,3.0078975701300315,0.55912293452092,0.7071062168043301,1.0,-0.072312154,-2.2647069,4.603887,0.0,5.959036332846907,0.6504572557265811
2018-05-06,1.4365456201307918,3.0078975701300315,0.5499042525621786,0.7071062168043301,1.0,1.6374956,-0.5279748,3.1791642,0.0,6.020614105200586,0.6741074079485456
2018-05-07,1.4365456201307918,3.0078975701300315,0.5524342816116636,0.7071062168043301,1.0,0.9141878,-1.3175411,3.4649503,0.0,5.954740199584057,0.6685467405536304
2018-05-08,1.4365456201307918,3.0078975701300315,0.5424916505695735,0.7071062168043301,1.0,-0.06589865,-2.1022363,4.0854473,0.0,5.752584919901236,0.6750645043893736
2018-05-09,1.4365456201307918,3.0078975701300315,0.5385084739329697,0.7071062168043301,1.0,-0.7830518,-2.7223268,3.086637,0.0,5.645902706750011,0.6787370615190318
2018-05-10,1.4365456201307918,3.0078975701300315,0.5497408395346527,0.7071062168043301,1.0,-0.71424633,-2.7499588,3.2407205,0.0,5.737391864492257,0.6651243862799546
2018-05-11,1.4365456201307918,3.0078975701300315,0.5395072688928435,0.7071062168043301,1.0,-2.4549372,-4.261182,2.5993521,0.0,5.649081323369845,0.6791503808269219
2018-05-12,1.4365456201307918,3.0078975701300315,0.5056422528244314,0.7071062168043301,1.0,-3.9125073,-5.16035,4.3273487,0.0,6.162994671367531,0.7251654313860351
2018-05-13,1.4365456201307918,3.0078975701300315,0.5021747525284945,0.7071062168043301,1.0,-2.6895397,-3.7036765,5.658138,0.0,6.136681334992651,0.7169071006106917
2018-05-14,1.4365456201307918,3.0078975701300315,0.4992551400273002,0.7071062168043301,1.0,-1.5387444,-2.682891,6.65131,0.0,6.169045951118632,0.7196409446340495
2018-05-15,1.4365456201307918,3.0078975701300315,0.5000039984925227,0.7071062168043301,1.0,-1.9502573,-3.0197616,6.3672924,0.0,6.108886443613012,0.7192258389121959
2018-05-16,1.4365456201307918,3.0078975701300315,0.49250746585382177,0.7071062168043301,1.0,-1.8838603,-2.616763,6.211944,0.0,5.982807017101942,0.7332768967905914
2018-05-17,1.4365456201307918,3.0078975701300315,0.4980204193517236,0.7071062168043301,1.0,-0.094976865,-0.9133831,4.4563904,0.0,6.06941130960272,0.7272311589786301
2018-05-18,1.4365456201307918,3.0078975701300315,0.4863911119838494,0.7071062168043301,1.0,-1.5774702,-2.2237613,4.1763997,0.0,5.985226961218922,0.7343709529600573
2018-05-19,1.4365456201307918,3.0078975701300315,0.5011569176706369,0.7071062168043301,1.0,-1.5995369,-2.112116,4.284809,0.0,5.985226961218922,0.712434058331204
2018-05-20,1.4365456201307918,3.0078975701300315,0.4966197576557977,0.7071062168043301,1.0,-1.4149013,-1.7233181,4.322199,0.0,5.959838071022667,0.7134230446326719
2018-05-21,1.4365456201307918,3.0078975701300315,0.5040286807647467,0.7071062168043301,1.0,0.5252434,0.38375798,4.8525014,0.0,5.954852243116566,0.7053102569032742
2018-05-22,1.4365456201307918,3.0078975701300315,0.497285999253465,0.7071062168043301,1.0,0.44450736,0.31156495,4.9440904,0.0,5.921684646790878,0.7071163153728486
2018-05-23,1.4365456201307918,3.0078975701300315,0.4855156600962319,0.7071062168043301,1.0,-0.0057085636,0.07557041,5.517237,0.0,5.924382030881178,0.7211123555743144
2018-05-24,1.4365456201307918,3.0078975701300315,0.46493303027444777,0.7071062168043301,1.0,-2.6336472,-2.08273,5.7617235,0.0,6.049160104661427,0.7415961759828568
2018-05-25,1.4365456201307918,3.0078975701300315,0.48082516396558517,0.7071062168043301,1.0,-1.4458039,-0.6853354,6.7961226,0.0,6.044273951665544,0.7268772682828423
2018-05-26,1.4365456201307918,3.0078975701300315,0.5013898032588932,0.7071062168043301,1.0,-2.8829186,-2.4228764,5.744103,0.0,5.24591165276289,0.7090386459097703
2018-05-27,1.4365456201307918,3.0078975701300315,0.5241946424297491,0.7071062168043301,1.0,-2.6769512,-1.9450387,5.6181107,0.0,5.228219109930175,0.6845526231693283
2018-05-28,1.4365456201307918,3.0078975701300315,0.5178724824330694,0.7071062168043301,1.0,-1.5931624,-0.8787586,5.171386,0.0,5.258749620583201,0.6919687812426785
2018-05-29,1.4365456201307918,3.0078975701300315,0.5232199293487328,0.7071062168043301,1.0,-1.5180464,-0.2926707,5.056956,0.0,5.505279314115051,0.6848815442648759
2018-05-30,1.4365456201307918,3.0078975701300315,0.4967848772815624,0.7071062168043301,1.0,-1.0215994,0.08158731,5.898225,0.0,5.506693450923665,0.7077775530434903
2018-05-31,1.4365456201307918,3.0078975701300315,0.4929914452091225,0.7071062168043301,1.0,-0.7569136,0.2124015,5.81824,0.0,5.200823052626109,0.7189895308782615
2018-06-01,1.4365456201307918,3.0078975701300315,0.493057611625179,0.7071062168043301,1.0,-0.1439315,0.76768047,6.1885614,0.0,5.190264882381294,0.719522218891393
2018-06-02,1.4365456201307918,3.0078975701300315,0.4956843545599446,0.7071062168043301,1.0,0.11719817,1.0862951,6.1509104,0.0,5.167550080138282,0.7191753202661204
2018-06-03,1.4365456201307918,3.0078975701300315,0.46636092102388615,0.7071062168043301,1.0,2.825173,3.6998153,4.4886518,0.0,5.17415613607466,0.7531831089273129
2018-06-04,1.4365456201307918,3.0078975701300315,0.4630422778173533,0.7071062168043301,1.0,1.7796062,2.5741398,3.425555,0.0,5.200598201414892,0.7559855557943856
2018-06-05,1.4365456201307918,3.0078975701300315,0.45504474370875575,0.7071062168043301,1.0,1.1999032,2.2421503,4.2894335,0.0,5.091471830362057,0.767225465652572
2018-06-06,1.4365456201307918,3.0078975701300315,0.4494087532134796,0.7071062168043301,1.0,1.293517,2.1419075,4.004644,0.0,5.194661866355803,0.772675496584101
2018-06-07,1.4365456201307918,3.0078975701300315,0.4492661746909239,0.7071062168043301,1.0,1.3923444,2.1184008,4.176029,0.0,5.289780755643258,0.7718871824996083
2018-06-08,1.4365456201307918,3.0078975701300315,0.44883450075151254,0.7071062168043301,1.0,0.34610036,1.0325507,3.5596335,0.0,5.32296101145924,0.7684887191403939
2018-06-09,1.4365456201307918,3.0078975701300315,0.44338307255772547,0.7071062168043301,1.0,-0.39942628,0.3426374,3.1575077,0.0,5.306870279460181,0.772888255818651
2018-06-10,1.4365456201307918,3.0078975701300315,0.4488602177126878,0.7071062168043301,1.0,0.13061026,0.74193287,2.5070593,0.0,5.314954755487326,0.7680255788845569
2018-06-11,1.4365456201307918,3.0078975701300315,0.418763340400373,0.7071062168043301,1.0,-3.2420137,-2.505372,6.214152,0.0,6.109699015237781,0.7914427520529582
2018-06-12,1.4365456201307918,3.0078975701300315,0.39588011806134304,0.7071062168043301,1.0,-2.8312287,-2.0815575,6.4837,0.0,6.130205127969656,0.8126503699887575
2018-06-13,1.4365456201307918,3.0078975701300315,0.3848992403922873,0.7071062168043301,1.0,-4.3195443,-3.1696274,6.495175,0.0,6.208431893847274,0.8190544269899552
2018-06-14,1.4365456201307918,3.0078975701300315,0.3808729130997419,0.7071062168043301,1.0,-4.872494,-3.643391,6.3853636,0.0,6.132514327872174,0.8226478404821572
2018-06-15,1.4365456201307918,3.0078975701300315,0.37006722986606533,0.7071062168043301,1.0,-3.2018821,-2.3708892,8.412177,0.0,6.269717448998719,0.8237281397753784
2018-06-16,1.4365456201307918,3.0078975701300315,0.361255738258192,0.7071062168043301,1.0,-1.3059006,-0.36743847,6.2410707,0.0,6.18686607794473,0.8304756326384338
2018-06-17,1.4365456201307918,3.0078975701300315,0.3619134482936664,0.7071062168043301,1.0,-1.6170117,-0.8607502,5.968217,0.0,6.335654682289896,0.8325053658452273
2018-06-18,1.4365456201307918,3.0078975701300315,0.3606320768159241,0.7071062168043301,1.0,-0.14368556,0.7635895,4.9163437,0.0,6.294084673617039,0.8375338694512741
2018-06-19,1.4365456201307918,3.0078975701300315,0.3569032009943329,0.7071062168043301,1.0,1.2961152,2.0733821,4.3614283,0.0,6.324942310061178,0.8409514862872898
2018-06-20,1.4365456201307918,3.0078975701300315,0.35855219913286007,0.7071062168043301,1.0,0.29056036,1.1606672,3.1782467,0.0,6.323350568478996,0.8391679408840819
2018-06-21,1.4365456201307918,3.0078975701300315,0.34999324026972767,0.7071062168043301,1.0,0.8341428,1.7076656,2.2702687,0.0,6.373521834199436,0.8480090914713794
2018-06-22,1.4365456201307918,3.0078975701300315,0.35928787567371084,0.7071062168043301,1.0,0.54949623,1.2132236,2.494574,0.0,6.376319544177638,0.8389903640531852
2018-06-23,1.4365456201307918,3.0078975701300315,0.346521870277263,0.7071062168043301,1.0,-1.8447307,-1.0689417,6.3370304,0.0,6.9080751288197195,0.8483255567482103
2018-06-24,1.4365456201307918,3.0078975701300315,0.3482250936229747,0.7071062168043301,1.0,-2.4071057,-1.4696217,5.9323087,0.0,6.8623985730476615,0.8472230541475425
2018-06-25,1.4365456201307918,3.0078975701300315,0.34995869508277355,0.7071062168043301,1.0,-3.4673054,-2.499801,5.4135666,0.0,6.855654640282205,0.8450931780466885
2018-06-26,1.4365456201307918,3.0078975701300315,0.3478590862876737,0.7071062168043301,1.0,-2.9142497,-2.001177,5.7797623,0.0,6.9089305132446945,0.8483031941437211
2018-06-27,1.4365456201307918,3.0078975701300315,0.33930220597289645,0.7071062168043301,1.0,-4.14993,-3.0600746,5.7077994,0.0,6.889836840912224,0.8545517132638668
2018-06-28,1.4365456201307918,3.0078975701300315,0.34008190376715064,0.7071062168043301,1.0,-1.1956809,-0.47361952,4.022008,0.0,6.781389755651306,0.84989982836244
2018-06-29,1.4365456201307918,3.0078975701300315,0.3461877307051564,0.7071062168043301,1.0,-2.276709,-1.1300402,4.3600874,0.0,6.6393459974829385,0.8452926263650722
2018-06-30,1.4365456201307918,3.0078975701300315,0.3484281076608304,0.7071062168043301,1.0,-0.8299935,0.14969108,5.00091,0.0,6.709190677164525,0.8441288200387159
2018-07-01,1.4365456201307918,3.0078975701300315,0.3376685109870001,0.7071062168043301,1.0,-0.41448653,0.5436785,5.2984285,0.0,6.729938397432801,0.8532871049292711
2018-07-02,1.4365456201307918,3.0078975701300315,0.3373201188877022,0.7071062168043301,1.0,0.7921875,1.7695445,4.0661497,0.0,6.71799201253174,0.8532344198847217
2018-07-03,1.4365456201307918,3.0078975701300315,0.31845832346057884,0.7071062168043301,1.0,1.3032651,2.2789779,4.4411354,0.0,6.71799201253174,0.8594641318106179
2018-07-04,1.4365456201307918,3.0078975701300315,0.3104362008547188,0.7071062168043301,1.0,2.0314832,3.1361728,3.1716022,0.0,6.62780835973506,0.8647560258742999
2018-07-05,1.4365456201307918,3.0078975701300315,0.3102499467604989,0.7071062168043301,1.0,1.3685507,2.3201272,2.9026742,0.0,6.7846591230599715,0.8637035627458315
2018-07-06,1.4365456201307918,3.0078975701300315,0.32317549926384237,0.7071062168043301,1.0,0.46172258,1.5585201,2.8633316,0.0,6.685881572146738,0.859996836206427
2018-07-07,1.4365456201307918,3.0078975701300315,0.3186681151367005,0.7071062168043301,1.0,0.3945611,1.5382153,2.9045305,0.0,6.665087281220777,0.868316133425902
2018-07-08,1.4365456201307918,3.0078975701300315,0.3098034076418301,0.7071062168043301,1.0,0.0963432,1.113682,2.4022756,0.0,6.708256098423405,0.878974240737404
2018-07-09,1.4365456201307918,3.0078975701300315,0.3128105909930025,0.7071062168043301,1.0,-0.054791447,0.9924589,2.5576487,0.0,6.665356242389593,0.8773487989466424
2018-07-10,1.4365456201307918,3.0078975701300315,0.31851265026249853,0.7071062168043301,1.0,-0.75411123,0.344919,2.9748962,0.0,6.707399513156628,0.8733979390531611
2018-07-11,1.4365456201307918,3.0078975701300315,0.35409708671897405,0.7071062168043301,1.0,-1.9237761,-1.046685,4.171449,0.0,5.545212498002198,0.8473666808955991
2018-07-12,1.4365456201307918,3.0078975701300315,0.3545789698458609,0.7071062168043301,1.0,-1.5486276,-0.61874026,4.387352,0.0,5.544498515233192,0.845804665961866
2018-07-13,1.4365456201307918,3.0078975701300315,0.35992783922961824,0.7071062168043301,1.0,-2.9558585,-2.1658006,3.266843,0.0,5.202248217366835,0.8463569248332343
2018-07-14,1.4365456201307918,3.0078975701300315,0.3692611362866041,0.7071062168043301,1.0,-2.0640166,-1.4848458,4.064898,0.0,5.319461019535705,0.8381902584780624
2018-07-15,1.4365456201307918,3.0078975701300315,0.37949230344619045,0.7071062168043301,1.0,-1.3863671,-0.58992267,3.962765,0.0,5.314298404951377,0.8273633867609618
2018-07-16,1.4365456201307918,3.0078975701300315,0.3780937168689691,0.7071062168043301,1.0,0.6117978,1.1692727,2.8040698,0.0,5.432486555019432,0.8332613777131076
2018-07-17,1.4365456201307918,3.0078975701300315,0.35297368414336217,0.7071062168043301,1.0,1.999155,2.326348,4.3166227,0.0,5.439025355892722,0.8552736204879611
2018-07-18,1.4365456201307918,3.0078975701300315,0.3469122882824782,0.7071062168043301,1.0,3.8392928,3.9655209,3.3197198,0.0,5.5007872880101605,0.865981137000085
2018-07-19,1.4365456201307918,3.0078975701300315,0.3801273713515698,0.7071062168043301,1.0,3.3112803,3.5545902,4.5066214,0.0,5.397719781333929,0.8240889922621956
2018-07-20,1.4365456201307918,3.0078975701300315,0.3709876854751339,0.7071062168043301,1.0,3.0196478,3.3612442,4.843778,0.0,5.333362009482585,0.8327489372715596
2018-07-21,1.4365456201307918,3.0078975701300315,0.3646826957069903,0.7071062168043301,1.0,1.1776032,1.6778347,6.3807635,0.0,5.416833661219558,0.8387631402416582
2018-07-22,1.4365456201307918,3.0078975701300315,0.352978779547791,0.7071062168043301,1.0,0.085853286,0.49032003,5.170038,0.0,5.473584971084952,0.8499447806063755
2018-07-23,1.4365456201307918,3.0078975701300315,0.39867175011352546,0.7071062168043301,1.0,-1.294726,-1.2601653,3.8020067,0.0,4.153284182509671,0.8136542455922722
2018-07-24,1.4365456201307918,3.0078975701300315,0.3976859744222774,0.7071062168043301,1.0,-1.2512356,-1.2005707,3.358172,0.0,4.1457588900768965,0.8136715869832858
2018-07-25,1.4365456201307918,3.0078975701300315,0.392716125425779,0.7071062168043301,1.0,0.32953718,0.03832653,5.069112,0.0,4.216141184846948,0.8120633112517065
2018-07-26,1.4365456201307918,3.0078975701300315,0.42562970642798537,0.7071062168043301,1.0,1.5770988,1.3287722,4.1539826,0.0,4.138084690405835,0.7865315675249342
2018-07-27,1.4365456201307918,3.0078975701300315,0.44460989166678994,0.7071062168043301,1.0,0.6075216,0.21907978,4.52704,0.0,3.8342501728171587,0.7631474349438105
2018-07-28,1.4365456201307918,3.0078975701300315,0.4393395550774661,0.7071062168043301,1.0,1.1832435,0.82131684,4.3988094,0.0,3.833618023618534,0.7674723593295227
2018-07-29,1.4365456201307918,3.0078975701300315,0.45073989685359567,0.7071062168043301,1.0,1.3104354,0.76324284,4.2484446,0.0,3.7002350992745248,0.7573414431768339
2018-07-30,1.4365456201307918,3.0078975701300315,0.4500135890359131,0.7071062168043301,1.0,-0.008477924,-0.43660784,2.7229664,0.0,3.6848539780164407,0.7468578441207738
2018-07-31,1.4365456201307918,3.0078975701300315,0.45838534026190314,0.7071062168043301,1.0,-0.7220855,-0.91914564,2.756578,0.0,3.720838989381738,0.7470302584512045
2018-08-01,1.4365456201307918,3.0078975701300315,0.45820195421265403,0.7071062168043301,1.0,-1.0482783,-1.1299759,3.22647,0.0,3.769982178000946,0.7396217451609055
2018-08-02,1.4365456201307918,3.0078975701300315,0.46936494241499926,0.7071062168043301,1.0,-1.6942339,-1.5565774,2.9248688,0.0,3.701341179853433,0.7284675009086454
2018-08-03,1.4365456201307918,3.0078975701300315,0.4733631050034676,0.7071062168043301,1.0,-2.209918,-2.0502102,2.8978424,0.0,3.6921896611872467,0.721877847966199
2018-08-04,1.4365456201307918,3.0078975701300315,0.48405696275135873,0.7071062168043301,1.0,-2.2580905,-2.0817802,2.6135404,0.0,3.6711850625697644,0.7150069669365321
2018-08-05,1.4365456201307918,3.0078975701300315,0.477373087101403,0.7071062168043301,1.0,-2.4170206,-2.1342902,2.5293248,0.0,3.71068311430296,0.7234773332926825
2018-08-06,1.4365456201307918,3.0078975701300315,0.4778148285411704,0.7071062168043301,1.0,-1.3541613,-1.144405,2.852342,0.0,3.730211431739525,0.7215688471867309
2018-08-07,1.4365456201307918,3.0078975701300315,0.48752790675141927,0.7071062168043301,1.0,-1.4393691,-1.0457606,2.8023176,0.0,3.6795218875841478,0.7114374638888403
2018-08-08,1.4365456201307918,3.0078975701300315,0.4857293575703294,0.7071062168043301,1.0,-2.0558417,-1.5626255,3.3170722,0.0,3.821436651631402,0.7162644415876546
2018-08-09,1.4365456201307918,3.0078975701300315,0.4421629785466822,0.7071062168043301,1.0,-4.2567477,-3.4966648,4.889805,0.0,4.776196357185479,0.762811954710122
2018-08-10,1.4365456201307918,3.0078975701300315,0.4414709543237916,0.7071062168043301,1.0,-2.4552464,-2.0839376,6.2847986,0.0,4.72337970169713,0.7599683441715128
2018-08-11,1.4365456201307918,3.0078975701300315,0.43344888055838293,0.7071062168043301,1.0,-4.0267954,-3.4040112,6.168279,0.0,4.828294136480943,0.7675342426199311
2018-08-12,1.4365456201307918,3.0078975701300315,0.4405130428038779,0.7071062168043301,1.0,-4.2590733,-3.6482623,6.0709624,0.0,4.8663110895131965,0.761730529170781
2018-08-13,1.4365456201307918,3.0078975701300315,0.4403219839500115,0.7071062168043301,1.0,-3.109184,-2.4417737,6.324992,0.0,4.87513245016739,0.7617493446111843
2018-08-14,1.4365456201307918,3.0078975701300315,0.4459798996928743,0.7071062168043301,1.0,-2.3882837,-1.4612145,5.4236608,0.0,5.265381101408154,0.75509631066074
2018-08-15,1.4365456201307918,3.0078975701300315,0.4565245289890365,0.7071062168043301,1.0,-3.9578576,-2.8249395,3.956673,0.0,5.196879829080299,0.7486821804388036
2018-08-16,1.4365456201307918,3.0078975701300315,0.48442639641904334,0.7071062168043301,1.0,-2.421962,-1.0623249,3.9274032,0.0,5.202270022919109,0.7202319901737031
2018-08-17,1.4365456201307918,3.0078975701300315,0.506113280171836,0.7071062168043301,1.0,-1.5947078,-0.07823015,4.1230755,0.0,5.191983711664752,0.6989676151030222
2018-08-18,1.4365456201307918,3.0078975701300315,0.4382426414048247,0.7071062168043301,1.0,0.9470619,2.008509,7.949843,0.0,5.262384771853551,0.7675469201178978
2018-08-19,1.4365456201307918,3.0078975701300315,0.42844456069242975,0.7071062168043301,1.0,0.9743092,2.242268,7.7504306,0.0,5.362506375909318,0.7772520616637275
2018-08-20,1.4365456201307918,3.0078975701300315,0.43053301054147824,0.7071062168043301,1.0,2.0617423,3.047304,7.348299,0.0,5.3727924479725075,0.7744670787555329
2018-08-21,1.4365456201307918,3.0078975701300315,0.43084379647335247,0.7071062168043301,1.0,0.44353515,1.7435585,8.4671955,0.0,5.424680014252335,0.7756619497406756
2018-08-22,1.4365456201307918,3.0078975701300315,0.42910760882653104,0.7071062168043301,1.0,0.7417219,1.9187917,8.526439,0.0,5.441939996137881,0.775550388978527
2018-08-23,1.4365456201307918,3.0078975701300315,0.4251004875509689,0.7071062168043301,1.0,-2.5659683,-1.2853991,4.9621463,0.0,5.346733674176396,0.7800186124350649
2018-08-24,1.4365456201307918,3.0078975701300315,0.4266739482625074,0.7071062168043301,1.0,-0.4253144,0.9684531,4.8281064,0.0,5.346733674176396,0.7821356222967243
2018-08-25,1.4365456201307918,3.0078975701300315,0.4023675075119643,0.7071062168043301,1.0,-0.5004237,0.8313915,4.8436856,0.0,5.41874949383248,0.8006298933901663
2018-08-26,1.4365456201307918,3.0078975701300315,0.3994942002171605,0.7071062168043301,1.0,0.9339735,2.1795883,3.1508586,0.0,5.527051537142401,0.8055937958904058
2018-08-27,1.4365456201307918,3.0078975701300315,0.4037964789490028,0.7071062168043301,1.0,0.22825606,1.5644904,2.9445012,0.0,5.486195128223948,0.8030794860413917
2018-08-28,1.4365456201307918,3.0078975701300315,0.3945607399224203,0.7071062168043301,1.0,2.0087392,3.1729243,2.8140795,0.0,5.4765155345903604,0.8139702823534103
2018-08-29,1.4365456201307918,3.0078975701300315,0.38592002309009915,0.7071062168043301,1.0,2.304022,3.312373,3.0831041,0.0,5.484903022850292,0.8240909311341532
2018-08-30,1.4365456201307918,3.0078975701300315,0.38290054122858075,0.7071062168043301,1.0,1.5370145,2.492313,3.707593,0.0,5.465544080262835,0.8239403444758663
2018-08-31,1.4365456201307918,3.0078975701300315,0.3772894853454352,0.7071062168043301,1.0,1.0598634,1.9541212,4.0178823,0.0,5.490161344894673,0.8326457614311056
2018-09-01,1.4365456201307918,3.0078975701300315,0.3746088794301772,0.7071062168043301,1.0,1.5666132,2.359373,3.7865825,0.0,5.574971078639192,0.8345955583564698
2018-09-02,1.4365456201307918,3.0078975701300315,0.3931186877346393,0.7071062168043301,1.0,1.4458632,2.0007515,3.8216755,0.0,5.685989272750712,0.8370560981454749
2018-09-03,1.4365456201307918,3.0078975701300315,0.39037395588261226,0.7071062168043301,1.0,0.3715236,0.94160545,3.2512925,0.0,5.6844967428282756,0.8366325340520073
2018-09-04,1.4365456201307918,3.0078975701300315,0.3862775726873572,0.7071062168043301,1.0,0.500872,0.9698552,3.1041753,0.0,5.767129877355606,0.8408944195872045
2018-09-05,1.4365456201307918,3.0078975701300315,0.39386279031154453,0.7071062168043301,1.0,1.0822476,1.5704372,2.7587345,0.0,5.765202910935548,0.840135934345478
2018-09-06,1.4365456201307918,3.0078975701300315,0.3563936568875096,0.7071062168043301,1.0,-2.2135506,-1.2917604,7.634917,0.0,7.185766432946966,0.866913626495322
2018-09-07,1.4365456201307918,3.0078975701300315,0.36082985065685036,0.7071062168043301,1.0,-3.196309,-2.4513428,6.9023476,0.0,7.288138951987343,0.8572287106269072
2018-09-08,1.4365456201307918,3.0078975701300315,0.37188103465511047,0.7071062168043301,1.0,-3.6976743,-3.2207713,6.6382093,0.0,6.73551799762039,0.8462318373738554
2018-09-09,1.4365456201307918,3.0078975701300315,0.36152936928638585,0.7071062168043301,1.0,-4.621016,-3.7910712,6.55967,0.0,6.590441908810707,0.8498457058117592
2018-09-10,1.4365456201307918,3.0078975701300315,0.3610448480387254,0.7071062168043301,1.0,-4.5837984,-4.0027747,6.585516,0.0,6.614208941826445,0.8561099169307456
2018-09-11,1.4365456201307918,3.0078975701300315,0.3583957011560518,0.7071062168043301,1.0,-1.7249386,-1.2255043,3.2593956,0.0,6.705182764841221,0.8592776500487932
2018-09-12,1.4365456201307918,3.0078975701300315,0.3730695587268331,0.7071062168043301,1.0,-2.1483965,-1.5635616,3.0123763,0.0,6.601484514441012,0.8489964817369562
2018-09-13,1.4365456201307918,3.0078975701300315,0.358011209508628,0.7071062168043301,1.0,-1.7316847,-1.3642149,3.1180472,0.0,6.242386548594732,0.8624894251068158
2018-09-14,1.4365456201307918,3.0078975701300315,0.354863587376559,0.7071062168043301,1.0,0.7721444,0.81375545,3.8917835,0.0,6.375968233763088,0.8651378087400302
2018-09-15,1.4365456201307918,3.0078975701300315,0.37273989752629516,0.7071062168043301,1.0,0.5180879,0.609103,4.0450635,0.0,6.289970637964495,0.859619277922708
2018-09-16,1.4365456201307918,3.0078975701300315,0.3732648472946962,0.7071062168043301,1.0,0.9454597,1.0215328,3.980555,0.0,6.317394689577457,0.8607640473306273
2018-09-17,1.4365456201307918,3.0078975701300315,0.39884188525519493,0.7071062168043301,1.0,1.3534904,1.8705872,3.4260647,0.0,6.267523942803662,0.8407776731044585
2018-09-18,1.4365456201307918,3.0078975701300315,0.4005402985585339,0.7071062168043301,1.0,0.17512515,0.6757922,4.996824,0.0,6.242745705412198,0.8406143672374147
2018-09-19,1.4365456201307918,3.0078975701300315,0.4113200445238775,0.7071062168043301,1.0,-0.11222952,0.2917102,4.7714233,0.0,6.252531756327409,0.8287327243351978
2018-09-20,1.4365456201307918,3.0078975701300315,0.42349814189071266,0.7071062168043301,1.0,0.06579302,0.21976516,4.6288376,0.0,6.161369343682232,0.8198397088185583
2018-09-21,1.4365456201307918,3.0078975701300315,0.4322477277075878,0.7071062168043301,1.0,1.6484293,1.5733844,6.338629,0.0,6.174389956171691,0.8110234100830076
2018-09-22,1.4365456201307918,3.0078975701300315,0.4227770594273527,0.7071062168043301,1.0,3.5251746,3.027081,7.0885453,0.0,6.358844262151119,0.8180151106806863
2018-09-23,1.4365456201307918,3.0078975701300315,0.42869289768332247,0.7071062168043301,1.0,4.422164,4.114918,5.4832377,0.0,6.227194881499788,0.8165045215924063
2018-09-24,1.4365456201307918,3.0078975701300315,0.4349807958313372,0.7071062168043301,1.0,3.9163275,3.584142,5.9352055,0.0,6.234447709665172,0.7991233151538464
2018-09-25,1.4365456201307918,3.0078975701300315,0.4250157822558963,0.7071062168043301,1.0,2.527285,2.4157054,7.5097294,0.0,6.353845566098048,0.8074938038056023
2018-09-26,1.4365456201307918,3.0078975701300315,0.42905022882726285,0.7071062168043301,1.0,0.21191502,0.13959366,6.5636997,0.0,6.3080230856364405,0.8051274262063899
2018-09-27,1.4365456201307918,3.0078975701300315,0.4432101427132573,0.7071062168043301,1.0,-1.4042467,-1.3335093,4.6766634,0.0,6.22723845402033,0.7876306825570786
2018-09-28,1.4365456201307918,3.0078975701300315,0.4386420551109678,0.7071062168043301,1.0,0.19264859,0.23729818,5.714942,0.0,6.22723845402033,0.7904315318570476
2018-09-29,1.4365456201307918,3.0078975701300315,0.4343116104481108,0.7071062168043301,1.0,-0.68311673,-0.64528036,5.2095346,0.0,6.2376346744348234,0.7937834612342018
2018-09-30,1.4365456201307918,3.0078975701300315,0.43606700893033773,0.7071062168043301,1.0,0.7872467,0.721103,4.089751,0.0,6.360330708047503,0.7920363816870861
2018-10-01,1.4365456201307918,3.0078975701300315,0.4283210077177459,0.7071062168043301,1.0,1.2850364,1.2596445,3.5364084,0.0,6.335565368948092,0.7945431470797675
2018-10-02,1.4365456201307918,3.0078975701300315,0.4266534132451197,0.7071062168043301,1.0,0.9398814,1.094949,3.0939336,0.0,6.25300758658833,0.7948736736339602
2018-10-03,1.4365456201307918,3.0078975701300315,0.43139664958831897,0.7071062168043301,1.0,-0.51581925,-0.32327917,1.9556139,0.0,6.312828549942836,0.788963217721534
2018-10-04,1.4365456201307918,3.0078975701300315,0.4339872633870816,0.7071062168043301,1.0,-0.5321925,-0.32217872,2.0426264,0.0,6.2940240799689775,0.7886887583613633
2018-10-05,1.4365456201307918,3.0078975701300315,0.4327453561990174,0.7071062168043301,1.0,-0.46416032,-0.27256936,2.200601,0.0,6.308288714811355,0.7891445729379385
2018-10-06,1.4365456201307918,3.0078975701300315,0.5024089123082028,0.7071062168043301,1.0,-0.28157616,-0.62896377,2.2859251,0.0,4.136766237600005,0.7239618285742585
2018-10-07,1.4365456201307918,3.0078975701300315,0.49054977021776036,0.7071062168043301,1.0,-0.5234884,-0.8138909,2.3827388,0.0,4.1204117292068245,0.7396269681575844
2018-10-08,1.4365456201307918,3.0078975701300315,0.5060152760866722,0.7071062168043301,1.0,0.19375929,-0.26227292,2.4155045,0.0,4.184554053332847,0.7258629088839003
2018-10-09,1.4365456201307918,3.0078975701300315,0.5260855188256909,0.7071062168043301,1.0,0.8021807,0.10832841,2.1030567,0.0,4.0337199382755795,0.7078986733501841
2018-10-10,1.4365456201307918,3.0078975701300315,0.5160446430118285,0.7071062168043301,1.0,0.2906482,-0.33016858,2.2393515,0.0,3.962902165367659,0.7147043712702189
2018-10-11,1.4365456201307918,3.0078975701300315,0.5120342626446387,0.7071062168043301,1.0,-0.23210938,-0.82830185,2.17555,0.0,3.9200755893972983,0.7174567678051883
2018-10-12,1.4365456201307918,3.0078975701300315,0.4240266746390649,0.7071062168043301,1.0,-2.7775,-2.9630518,6.896501,0.0,6.291040712959455,0.8022926543415875
2018-10-13,1.4365456201307918,3.0078975701300315,0.4245484307131954,0.7071062168043301,1.0,-2.3689346,-2.7187583,7.2281895,0.0,6.422186580113628,0.8044885611825546
2018-10-14,1.4365456201307918,3.0078975701300315,0.41810675014378085,0.7071062168043301,1.0,-2.454512,-2.6105883,7.1657085,0.0,6.387647956043546,0.8038533462028797
2018-10-15,1.4365456201307918,3.0078975701300315,0.4092471019266478,0.7071062168043301,1.0,-2.5201035,-2.6345549,7.1575375,0.0,6.354874553386134,0.8129523260705827
2018-10-16,1.4365456201307918,3.0078975701300315,0.39820065190963055,0.7071062168043301,1.0,-0.965881,-1.2435167,8.275264,0.0,6.354874553386134,0.8136496085934917
2018-10-17,1.4365456201307918,3.0078975701300315,0.40162283167039414,0.7071062168043301,1.0,1.9134953,1.6346092,3.5939898,0.0,6.328914479259847,0.8109207437241325
2018-10-18,1.4365456201307918,3.0078975701300315,0.4109628254449117,0.7071062168043301,1.0,1.0489435,0.55348325,3.4793036,0.0,6.128015088238311,0.8035472819545315
2018-10-19,1.4365456201307918,3.0078975701300315,0.4126249689849987,0.7071062168043301,1.0,0.6031834,0.32787165,3.5862465,0.0,5.979022474713221,0.8013617595683513
2018-10-20,1.4365456201307918,3.0078975701300315,0.4116504665701521,0.7071062168043301,1.0,0.95371157,0.69127357,3.3500752,0.0,5.9687072325280575,0.8021992876396735
2018-10-21,1.4365456201307918,3.0078975701300315,0.4147832878911213,0.7071062168043301,1.0,-0.1916355,-0.16259374,1.447863,0.0,5.957933933970149,0.7968032124044773
2018-10-22,1.4365456201307918,3.0078975701300315,0.43944437632234296,0.7071062168043301,1.0,-0.20532635,0.13753773,1.1762112,0.0,5.881967556998793,0.7747098031085168
2018-10-23,1.4365456201307918,3.0078975701300315,0.43575619029168416,0.7071062168043301,1.0,-0.26788625,0.018328523,0.9996406,0.0,5.883093141635092,0.7791648511987135
2018-10-24,1.4365456201307918,3.0078975701300315,0.4149357191584767,0.7071062168043301,1.0,0.05098734,0.41989896,0.7677208,0.0,5.849651171573091,0.8032776224229186
2018-10-25,1.4365456201307918,3.0078975701300315,0.4267449399959369,0.7071062168043301,1.0,-0.07486457,0.09638908,0.79206383,0.0,5.553918640299377,0.7927256978745921
2018-10-26,1.4365456201307918,3.0078975701300315,0.41378001135337955,0.7071062168043301,1.0,-0.31078508,-0.19462663,0.6646309,0.0,5.543612634574644,0.8071937131804306
2018-10-27,1.4365456201307918,3.0078975701300315,0.3701487496177743,0.7071062168043301,1.0,-0.24297728,-0.0936581,0.7117608,0.0,5.585288607162252,0.8449063762329935
2018-10-28,1.4365456201307918,3.0078975701300315,0.37336998573764174,0.7071062168043301,1.0,-0.24110697,0.117400385,0.67365235,0.0,5.481461850098254,0.8424799075054149
2018-10-29,1.4365456201307918,3.0078975701300315,0.37106420589600253,0.7071062168043301,1.0,-0.12558144,0.15040763,0.70452094,0.0,5.620744352483898,0.8440705988755632
2018-10-30,1.4365456201307918,3.0078975701300315,0.3415914166280154,0.7071062168043301,1.0,-0.9399444,-0.48082554,2.1461742,0.0,5.625097260664211,0.855924588816229
2018-10-31,1.4365456201307918,3.0078975701300315,0.34002042734567817,0.7071062168043301,1.0,-0.7646781,-0.3069006,2.2293148,0.0,5.648007571597321,0.8571077936953562
2018-11-01,1.4365456201307918,3.0078975701300315,0.33995399642017615,0.7071062168043301,1.0,-0.7688029,-0.33470297,2.2189083,0.0,5.703488249900652,0.8570247137940971
2018-11-02,1.4365456201307918,3.0078975701300315,0.32020188784914205,0.7071062168043301,1.0,-0.43190354,-0.08738215,2.3941972,0.0,5.6972218645167025,0.8779171022319677
2018-11-03,1.4365456201307918,3.0078975701300315,0.33511103540653714,0.7071062168043301,1.0,-0.13053346,0.07851244,2.7894554,0.0,5.840789571783924,0.8688134402311481
2018-11-04,1.4365456201307918,3.0078975701300315,0.3343057287488712,0.7071062168043301,1.0,0.7799822,1.031744,1.3061835,0.0,5.768034195243718,0.8686466707750535
2018-11-05,1.4365456201307918,3.0078975701300315,0.3480966353248096,0.7071062168043301,1.0,1.481661,1.6455656,1.9535908,0.0,5.787820826056307,0.8514783290678225
2018-11-06,1.4365456201307918,3.0078975701300315,0.34844599795490167,0.7071062168043301,1.0,1.7432601,1.7995685,2.1513848,0.0,5.892906524894153,0.8505271258195801
2018-11-07,1.4365456201307918,3.0078975701300315,0.3280270054911405,0.7071062168043301,1.0,2.5626285,2.5123384,2.540449,0.0,5.913804041006926,0.866176430945415
2018-11-08,1.4365456201307918,3.0078975701300315,0.33441663527288934,0.7071062168043301,1.0,1.7993686,1.8422166,3.191122,0.0,5.808705015753327,0.8609763482344249
2018-11-09,1.4365456201307918,3.0078975701300315,0.33661286264262413,0.7071062168043301,1.0,1.1380465,1.2485752,3.9599009,0.0,5.895325175639943,0.8595441349464834
2018-11-10,1.4365456201307918,3.0078975701300315,0.3385136786321779,0.7071062168043301,1.0,0.1269209,0.23098719,3.5847464,0.0,5.928297584052888,0.8571918762774191
2018-11-11,1.4365456201307918,3.0078975701300315,0.4624112810876967,0.7071062168043301,1.0,0.032527346,-0.37950203,3.4926832,0.0,2.463021591178267,0.7370927553001738
2018-11-12,1.4365456201307918,3.0078975701300315,0.4697043874707461,0.7071062168043301,1.0,-1.0986805,-1.3606796,2.0316756,0.0,2.4507181981033326,0.7297754943119403
2018-11-13,1.4365456201307918,3.0078975701300315,0.4628547563303002,0.7071062168043301,1.0,-0.9907597,-1.1918705,1.9148101,0.0,2.415750018131098,0.7374715948079047
2018-11-14,1.4365456201307918,3.0078975701300315,0.45712920387241146,0.7071062168043301,1.0,-0.6918904,-0.8860639,1.5224465,0.0,2.406842761439875,0.7403690264168131
2018-11-15,1.4365456201307918,3.0078975701300315,0.3797267529399605,0.7071062168043301,1.0,-2.753424,-2.3514338,5.156337,0.0,4.536810135616843,0.808006332059236
2018-11-16,1.4365456201307918,3.0078975701300315,0.3782260694309675,0.7071062168043301,1.0,-3.0178974,-2.608028,4.988726,0.0,4.547297046920059,0.8096835546690863
2018-11-17,1.4365456201307918,3.0078975701300315,0.37120852990392517,0.7071062168043301,1.0,-3.5352516,-3.0332181,4.7734594,0.0,4.5907582997274305,0.8159567696551844
2018-11-18,1.4365456201307918,3.0078975701300315,0.3756528645694784,0.7071062168043301,1.0,-3.284865,-2.8379676,4.9742355,0.0,4.633173052580409,0.8112321644832744
2018-11-19,1.4365456201307918,3.0078975701300315,0.3798184351848223,0.7071062168043301,1.0,-2.627534,-2.2248333,5.3851724,0.0,4.666808669294557,0.808348111114733
2018-11-20,1.4365456201307918,3.0078975701300315,0.3418270032937808,0.7071062168043301,1.0,-3.101382,-2.2144341,6.395904,0.0,6.436714985002988,0.8402558844114206
2018-11-21,1.4365456201307918,3.0078975701300315,0.3132857080355329,0.7071062168043301,1.0,-6.040217,-4.6578655,8.376613,0.0,8.52135918253365,0.8680693181602703
2018-11-22,1.4365456201307918,3.0078975701300315,0.3094673491488993,0.7071062168043301,1.0,-4.4886775,-3.2831788,9.704466,0.0,8.657457910135477,0.8711003502798308
2018-11-23,1.4365456201307918,3.0078975701300315,0.30324245840383945,0.7071062168043301,1.0,-5.970233,-4.5197988,9.360332,0.0,8.593314424963296,0.876103549772961
2018-11-24,1.4365456201307918,3.0078975701300315,0.30998426131885193,0.7071062168043301,1.0,-6.6443024,-5.146695,8.824317,0.0,8.526915956137257,0.8710983450184517
2018-11-25,1.4365456201307918,3.0078975701300315,0.31522020976564724,0.7071062168043301,1.0,-5.9614425,-4.1327186,8.025926,0.0,8.762686346873117,0.8750604215920621
2018-11-26,1.4365456201307918,3.0078975701300315,0.3195196172882162,0.7071062168043301,1.0,-2.5247138,-0.7620732,6.500993,0.0,8.777540994607936,0.8717930142276736
2018-11-27,1.4365456201307918,3.0078975701300315,0.31946200438039996,0.7071062168043301,1.0,-4.5963726,-2.6649964,5.061576,0.0,8.655467862799364,0.8701881138295025
2018-11-28,1.4365456201307918,3.0078975701300315,0.3333839437760966,0.7071062168043301,1.0,-3.0732439,-1.1315329,5.356459,0.0,8.59570246286969,0.8612558413849627
2018-11-29,1.4365456201307918,3.0078975701300315,0.32545293519462964,0.7071062168043301,1.0,-0.57531893,0.86151725,8.288811,0.0,8.832186387514994,0.8655309764946223
2018-11-30,1.4365456201307918,3.0078975701300315,0.34727881353557777,0.7071062168043301,1.0,1.2244838,2.7216809,6.4562435,0.0,8.726092465782633,0.8509948013627159
2018-12-01,1.4365456201307918,3.0078975701300315,0.35018268409436104,0.7071062168043301,1.0,-0.24875048,1.4272147,6.94349,0.0,8.527396675300388,0.8508170064843941
2018-12-02,1.4365456201307918,3.0078975701300315,0.3479660931538011,0.7071062168043301,1.0,1.6590688,3.2419496,6.3112774,0.0,8.524744338481446,0.8515773636296243
2018-12-03,1.4365456201307918,3.0078975701300315,0.34867302116953547,0.7071062168043301,1.0,1.1993406,2.919406,6.491336,0.0,8.382787014391162,0.8505923886523938
2018-12-04,1.4365456201307918,3.0078975701300315,0.3490575966696384,0.7071062168043301,1.0,-2.256712,-0.31376016,4.5503454,0.0,8.2591847346445,0.8505054481310328
2018-12-05,1.4365456201307918,3.0078975701300315,0.36954130890292103,0.7071062168043301,1.0,-1.7710733,0.2682461,4.949106,0.0,8.203124657993463,0.8322222633060405
2018-12-06,1.4365456201307918,3.0078975701300315,0.3728411326135073,0.7071062168043301,1.0,-2.0047882,0.29585165,5.216999,0.0,8.132744377836284,0.8281713009301424
2018-12-07,1.4365456201307918,3.0078975701300315,0.3668004149887192,0.7071062168043301,1.0,-5.2343273,-2.351954,5.4686,0.0,8.42602250992847,0.836006302717759
2018-12-08,1.4365456201307918,3.0078975701300315,0.38967938962035975,0.7071062168043301,1.0,-5.4765525,-2.5438335,5.521608,0.0,8.400338150952873,0.8284175940090871
2018-12-09,1.4365456201307918,3.0078975701300315,0.3882536247078478,0.7071062168043301,1.0,-3.8710213,-1.0932249,6.339637,0.0,8.484769242671973,0.8336790991692575
2018-12-10,1.4365456201307918,3.0078975701300315,0.3857499096534347,0.7071062168043301,1.0,-3.23979,-0.63935196,7.0004134,0.0,8.534739728520305,0.8352333028437876
2018-12-11,1.4365456201307918,3.0078975701300315,0.388221600839568,0.7071062168043301,1.0,-2.6842728,0.069167085,6.615019,0.0,8.366489250394952,0.8329809688040837
2018-12-12,1.4365456201307918,3.0078975701300315,0.3893238825965656,0.7071062168043301,1.0,-0.6695767,2.1412795,4.049249,0.0,8.290268932666693,0.8317692585368804
2018-12-13,1.4365456201307918,3.0078975701300315,0.3867831867622622,0.7071062168043301,1.0,0.36040896,3.067933,3.5602632,0.0,8.329432588125652,0.833165011693077
2018-12-14,1.4365456201307918,3.0078975701300315,0.3872008046570613,0.7071062168043301,1.0,-1.0682254,1.7722936,4.4021897,0.0,8.248550090957103,0.833433220942316
2018-12-15,1.4365456201307918,3.0078975701300315,0.4015421370125153,0.7071062168043301,1.0,-2.6714497,-0.084674165,3.4605885,0.0,8.105684464276177,0.8217070524482469
2018-12-16,1.4365456201307918,3.0078975701300315,0.39809019805735213,0.7071062168043301,1.0,-1.9789801,0.601307,3.441058,0.0,8.120467949325107,0.823515957294664
2018-12-17,1.4365456201307918,3.0078975701300315,0.39952215482469255,0.7071062168043301,1.0,-1.1012225,1.3039621,3.8550665,0.0,8.229057398515184,0.8239121476442466
2018-12-18,1.4365456201307918,3.0078975701300315,0.37557320976323205,0.7071062168043301,1.0,0.93228483,2.9369507,7.2649407,0.0,8.219445772975739,0.8412539281989799
2018-12-19,1.4365456201307918,3.0078975701300315,0.36997573785879695,0.7071062168043301,1.0,3.4700334,5.294291,6.6491103,0.0,8.21185744524579,0.8457188139388973
2018-12-20,1.4365456201307918,3.0078975701300315,0.3824764268428418,0.7071062168043301,1.0,4.6506553,5.9454246,6.0602083,0.0,7.741746565219641,0.8274153558731943
2018-12-21,1.4365456201307918,3.0078975701300315,0.3882172510249004,0.7071062168043301,1.0,7.3027153,7.6591806,6.679604,0.0,5.989549709631153,0.8179197901823345
2018-12-22,1.4365456201307918,3.0078975701300315,0.4155724405085491,0.7071062168043301,1.0,6.325185,6.928059,8.267516,0.0,5.857487674448998,0.792989986968896
2018-12-23,1.4365456201307918,3.0078975701300315,0.42239763625266874,0.7071062168043301,1.0,4.504913,4.763721,7.1639256,0.0,5.9617939181022495,0.7855699425544329
2018-12-24,1.4365456201307918,3.0078975701300315,0.4283160270323434,0.7071062168043301,1.0,3.817912,3.8984675,7.2752266,0.0,6.036558809654837,0.7791807888455533
2018-12-25,1.4365456201307918,3.0078975701300315,0.45670836813355814,0.7071062168043301,1.0,3.7447696,3.4218369,7.420882,0.0,5.702854879561437,0.7496827904358855
2018-12-26,1.4365456201307918,3.0078975701300315,0.44261949176668286,0.7071062168043301,1.0,-0.38391018,-0.38424575,6.093459,0.0,5.64689051387623,0.762968826212314
2018-12-27,1.4365456201307918,3.0078975701300315,0.44575044199287206,0.7071062168043301,1.0,0.4015984,0.1714775,5.291473,0.0,5.789121141784456,0.7598736394637706
2018-12-28,1.4365456201307918,3.0078975701300315,0.4316301450157609,0.7071062168043301,1.0,-2.2503018,-2.1286507,6.666889,0.0,6.053584944330071,0.7788523674034985
2018-12-29,1.4365456201307918,3.0078975701300315,0.425228347287572,0.7071062168043301,1.0,-0.49963725,-0.4316955,9.18482,0.0,6.053584944330071,0.7918091809231529
2018-12-30,1.4365456201307918,3.0078975701300315,0.41084338406456355,0.7071062168043301,1.0,-1.3608338,-1.2528801,8.89299,0.0,6.029864252959351,0.7997388377114683
2018-12-31,1.4365456201307918,3.0078975701300315,0.408547478312721,0.7071062168043301,1.0,0.31234628,0.21849455,8.136444,0.0,6.226455124608306,0.7982425240650184
2019-01-01,1.4365456201307918,3.0078975701300315,0.4084450517007824,0.7071062168043301,1.0,-0.76435107,-0.59056866,8.352013,0.0,6.064379916394477,0.797970540063001
2019-01-02,1.4365456201307918,3.0078975701300315,0.4082222912688631,0.7071062168043301,1.0,2.011095,1.9974538,6.7055473,0.0,6.094610221378325,0.7971831680463641
2019-01-03,1.4365456201307918,3.0078975701300315,0.41323494089923324,0.7071062168043301,1.0,0.4512515,0.06786599,4.19225,0.0,6.2314891666551,0.7921289699666908
2019-01-04,1.4365456201307918,3.0078975701300315,0.3986479917506874,0.7071062168043301,1.0,0.12983991,-0.0790253,4.593149,0.0,6.117511742427132,0.8082170392543633
2019-01-05,1.4365456201307918,3.0078975701300315,0.40078690986898374,0.7071062168043301,1.0,0.32297108,-0.15884054,4.7078967,0.0,6.105868222946537,0.8066816579812675
2019-01-06,1.4365456201307918,3.0078975701300315,0.4300915475825545,0.7071062168043301,1.0,1.3327174,0.4119923,3.880457,0.0,5.03743356121768,0.7789778961855256
2019-01-07,1.4365456201307918,3.0078975701300315,0.42986016700604135,0.7071062168043301,1.0,1.6181186,0.4220322,4.2096615,0.0,5.080362064729167,0.7809218220149253
2019-01-08,1.4365456201307918,3.0078975701300315,0.43962884837529437,0.7071062168043301,1.0,0.42087927,-0.677823,3.9604206,0.0,5.010989656141225,0.7821311366207019
2019-01-09,1.4365456201307918,3.0078975701300315,0.4443299779175018,0.7071062168043301,1.0,1.7538229,0.7126889,3.223081,0.0,5.025238658869105,0.7764645806235251
2019-01-10,1.4365456201307918,3.0078975701300315,0.45122239951544735,0.7071062168043301,1.0,1.6537591,0.44894215,3.2492037,0.0,5.184105939978761,0.7689649685283568
2019-01-11,1.4365456201307918,3.0078975701300315,0.41306695577790714,0.7071062168043301,1.0,-1.1586269,-1.9978436,7.4075522,0.0,6.494584443474146,0.8061800419548725
2019-01-12,1.4365456201307918,3.0078975701300315,0.4141940281823695,0.7071062168043301,1.0,-2.4394417,-3.1688864,6.4842987,0.0,6.409061453434509,0.8051027089903646
2019-01-13,1.4365456201307918,3.0078975701300315,0.4211307334791018,0.7071062168043301,1.0,-2.3347225,-3.222342,6.656707,0.0,6.439067427062194,0.7981025512189307
2019-01-14,1.4365456201307918,3.0078975701300315,0.41320525691617294,0.7071062168043301,1.0,-4.006925,-4.82548,6.1217666,0.0,6.3647067674802855,0.8029952117504252
2019-01-15,1.4365456201307918,3.0078975701300315,0.4055230762212209,0.7071062168043301,1.0,-2.5997922,-3.7011404,8.158032,0.0,6.405133732068073,0.806898494769427
2019-01-16,1.4365456201307918,3.0078975701300315,0.40046689996320234,0.7071062168043301,1.0,-0.6819002,-1.591004,5.6121826,0.0,6.208224581500127,0.8114895667883066
2019-01-17,1.4365456201307918,3.0078975701300315,0.408544044253841,0.7071062168043301,1.0,-0.12594622,-0.679019,5.6231737,0.0,6.208224581500127,0.8062020618146244
2019-01-18,1.4365456201307918,3.0078975701300315,0.4116127160033176,0.7071062168043301,1.0,0.32278797,-0.04029055,5.559247,0.0,6.217108334736182,0.8030914293964906
2019-01-19,1.4365456201307918,3.0078975701300315,0.4011110021657541,0.7071062168043301,1.0,1.2623382,1.0085028,4.5273247,0.0,6.16857650904784,0.8159614589877237
2019-01-20,1.4365456201307918,3.0078975701300315,0.40354430371997,0.7071062168043301,1.0,-0.08766062,0.042720474,2.4637442,0.0,6.164945328303214,0.8247965968087043
2019-01-21,1.4365456201307918,3.0078975701300315,0.3790985246362622,0.7071062168043301,1.0,-0.12250026,0.043010183,2.5153036,0.0,6.121682887915075,0.8534538742214196
2019-01-22,1.4365456201307918,3.0078975701300315,0.377119861110063,0.7071062168043301,1.0,-0.37816718,-0.11739327,2.587346,0.0,6.090604129130549,0.8512095202750298
2019-01-23,1.4365456201307918,3.0078975701300315,0.3621242798510652,0.7071062168043301,1.0,-0.28726026,0.03385664,2.7125595,0.0,6.088001433854662,0.8567842627016939
2019-01-24,1.4365456201307918,3.0078975701300315,0.32704828966966726,0.7071062168043301,1.0,-0.022838078,0.35126123,2.611141,0.0,6.074828722488313,0.8803211847791957
2019-01-25,1.4365456201307918,3.0078975701300315,0.3343130095305673,0.7071062168043301,1.0,-0.29985127,-0.18347998,2.3292098,0.0,6.047416053148619,0.8766618015561825
2019-01-26,1.4365456201307918,3.0078975701300315,0.3311916676309341,0.7071062168043301,1.0,0.4701142,0.62420535,1.4869323,0.0,6.038485867999252,0.8771071695637559
2019-01-27,1.4365456201307918,3.0078975701300315,0.34949429068989685,0.7071062168043301,1.0,0.5701569,0.36085433,1.5054055,0.0,5.436891745592578,0.8590960790426391
2019-01-28,1.4365456201307918,3.0078975701300315,0.3925117551010138,0.7071062168043301,1.0,-0.043689672,0.20143597,1.4954615,0.0,5.321949271717829,0.8244266867962876
2019-01-29,1.4365456201307918,3.0078975701300315,0.3860667219398985,0.7071062168043301,1.0,-1.4746546,-1.081585,3.4225035,0.0,5.619446313943302,0.8299559782308881
2019-01-30,1.4365456201307918,3.0078975701300315,0.3897367877367828,0.7071062168043301,1.0,-1.6749907,-1.2273966,3.3029108,0.0,5.567554395941219,0.8278681319752835
2019-01-31,1.4365456201307918,3.0078975701300315,0.41861661042736636,0.7071062168043301,1.0,-1.089716,-0.88139737,4.2675576,0.0,5.665244728641625,0.8085906976054464
2019-02-01,1.4365456201307918,3.0078975701300315,0.4198660584776008,0.7071062168043301,1.0,-1.6830258,-1.2766416,4.142326,0.0,5.576714001502207,0.809735626921529
2019-02-02,1.4365456201307918,3.0078975701300315,0.4192026251730204,0.7071062168043301,1.0,-1.0471101,-0.55225754,4.4098015,0.0,5.569542951318466,0.8125509345191899
2019-02-03,1.4365456201307918,3.0078975701300315,0.42285207437737626,0.7071062168043301,1.0,0.8361009,1.1114602,2.8650017,0.0,5.668623625258201,0.8070359220237302
2019-02-04,1.4365456201307918,3.0078975701300315,0.4196409172456072,0.7071062168043301,1.0,0.5140613,0.929807,3.1291664,0.0,5.521363994931101,0.8104726293024452
2019-02-05,1.4365456201307918,3.0078975701300315,0.41220243507606685,0.7071062168043301,1.0,0.16708083,0.5696722,2.6021764,0.0,5.5356154931395265,0.8142999409347337
2019-02-06,1.4365456201307918,3.0078975701300315,0.3948074651812201,0.7071062168043301,1.0,0.6542814,1.2213051,2.4264972,0.0,5.465920502198099,0.8098713557775823
2019-02-07,1.4365456201307918,3.0078975701300315,0.38552179935654285,0.7071062168043301,1.0,-0.09817643,0.48318544,2.5791478,0.0,5.445523184602182,0.8163033764488206
2019-02-08,1.4365456201307918,3.0078975701300315,0.37729164373798635,0.7071062168043301,1.0,-0.6406628,0.033777483,2.2284863,0.0,5.422093786904558,0.8149609638532266
2019-02-09,1.4365456201307918,3.0078975701300315,0.35890801554892454,0.7071062168043301,1.0,2.1713345,2.5008178,5.989534,0.0,5.4467905505265355,0.8217674500478678
2019-02-10,1.4365456201307918,3.0078975701300315,0.4089868381219889,0.7071062168043301,1.0,2.0026941,1.8783988,5.865687,0.0,3.6009117852716273,0.7779744081116926
2019-02-11,1.4365456201307918,3.0078975701300315,0.4187758168889533,0.7071062168043301,1.0,2.2107077,2.0027065,5.659293,0.0,3.6261031366441903,0.7767283546415755
2019-02-12,1.4365456201307918,3.0078975701300315,0.4183062307084585,0.7071062168043301,1.0,2.0420618,1.8939596,5.8479266,0.0,3.6328217653485018,0.7784852323219217
2019-02-13,1.4365456201307918,3.0078975701300315,0.43866424950563837,0.7071062168043301,1.0,2.3006887,1.92386,5.697054,0.0,3.315716861571384,0.7555156252383551
2019-02-14,1.4365456201307918,3.0078975701300315,0.4692178546411084,0.7071062168043301,1.0,-0.35381204,-0.39865893,2.459707,0.0,3.286448838403177,0.7185846995331866
2019-02-15,1.4365456201307918,3.0078975701300315,0.4791053184429468,0.7071062168043301,1.0,-0.7423071,-0.8565348,2.469631,0.0,3.25674564449331,0.7078664973855542
2019-02-16,1.4365456201307918,3.0078975701300315,0.4858136184770516,0.7071062168043301,1.0,-0.6578878,-0.77723205,2.5335844,0.0,3.2564089688788527,0.7040822135346132
2019-02-17,1.4365456201307918,3.0078975701300315,0.48559696009484465,0.7071062168043301,1.0,-0.0655067,-0.14889313,1.8381066,0.0,3.234935388351939,0.7036336045880439
2019-02-18,1.4365456201307918,3.0078975701300315,0.4962593803783694,0.7071062168043301,1.0,0.12344871,-0.0635651,2.0610588,0.0,3.309859975931582,0.6933132494426201
2019-02-19,1.4365456201307918,3.0078975701300315,0.47578161741559816,0.7071062168043301,1.0,2.1710958,1.7497896,4.1728287,0.0,3.3180283324881925,0.7110676382679803
2019-02-20,1.4365456201307918,3.0078975701300315,0.495765176606042,0.7071062168043301,1.0,2.8828423,2.2677243,4.089166,0.0,3.3150552608492942,0.6859788217390904
2019-02-21,1.4365456201307918,3.0078975701300315,0.490381023412805,0.7071062168043301,1.0,3.2993314,2.5670707,4.062986,0.0,3.3657538493600994,0.6994662457581344
2019-02-22,1.4365456201307918,3.0078975701300315,0.48355466308945083,0.7071062168043301,1.0,2.658623,2.084256,4.8635073,0.0,3.3305836652646086,0.7100395214293421
2019-02-23,1.4365456201307918,3.0078975701300315,0.4799959986299649,0.7071062168043301,1.0,2.6217825,1.9939986,4.759664,0.0,3.3693528541435174,0.7125723563648965
2019-02-24,1.4365456201307918,3.0078975701300315,0.4791460181181071,0.7071062168043301,1.0,1.6958131,0.9418961,3.47437,0.0,3.387321657927073,0.7107324028399676
2019-02-25,1.4365456201307918,3.0078975701300315,0.428266985687381,0.7071062168043301,1.0,-1.0880746,-1.4434944,6.7809453,0.0,5.289871273436494,0.7614792872963055
2019-02-26,1.4365456201307918,3.0078975701300315,0.43083524589011235,0.7071062168043301,1.0,-1.3043576,-1.7241992,6.69756,0.0,5.320722441931224,0.7600448852947113
2019-02-27,1.4365456201307918,3.0078975701300315,0.4279620378293297,0.7071062168043301,1.0,-1.0184284,-1.430339,6.630231,0.0,5.306746103084814,0.764501822495525
2019-02-28,1.4365456201307918,3.0078975701300315,0.43872729106070385,0.7071062168043301,1.0,-1.3680016,-2.013561,6.5728765,0.0,4.920384094407381,0.741787772950213
2019-03-01,1.4365456201307918,3.0078975701300315,0.4359445503346378,0.7071062168043301,1.0,-2.0515935,-2.7427435,6.031356,0.0,4.972132356836376,0.745000145083673
2019-03-02,1.4365456201307918,3.0078975701300315,0.4211935621399233,0.7071062168043301,1.0,0.58505845,-0.04949059,2.4521153,0.0,4.954906181359223,0.7566044584500247
2019-03-03,1.4365456201307918,3.0078975701300315,0.41881339452928223,0.7071062168043301,1.0,0.038011033,-0.66866994,1.5348426,0.0,4.968505894883328,0.7574294283783328
2019-03-04,1.4365456201307918,3.0078975701300315,0.41969442854837613,0.7071062168043301,1.0,0.27228707,-0.35952297,1.4471557,0.0,4.873292700627161,0.7566717724687178
2019-03-05,1.4365456201307918,3.0078975701300315,0.4197092776006501,0.7071062168043301,1.0,-0.3472559,-0.79558915,2.4219894,0.0,4.859619375239649,0.753844734163584
2019-03-06,1.4365456201307918,3.0078975701300315,0.4150758605901526,0.7071062168043301,1.0,1.1829748,0.38033932,4.6337023,0.0,5.02518882943774,0.7681376276115661
2019-03-07,1.4365456201307918,3.0078975701300315,0.40094610648584966,0.7071062168043301,1.0,1.0828332,0.2956588,4.632598,0.0,5.022288073831252,0.782389517118431
2019-03-08,1.4365456201307918,3.0078975701300315,0.3959615188541962,0.7071062168043301,1.0,1.1807308,0.38630828,4.5610013,0.0,5.046270837441364,0.7908910679905677
2019-03-09,1.4365456201307918,3.0078975701300315,0.40031862404609947,0.7071062168043301,1.0,0.87580514,0.08166483,4.720944,0.0,5.063261201949616,0.7907377256451801
2019-03-10,1.4365456201307918,3.0078975701300315,0.39851308387666884,0.7071062168043301,1.0,1.976648,1.0920962,4.0388045,0.0,5.1182532784234,0.7929613926687167
2019-03-11,1.4365456201307918,3.0078975701300315,0.44907017708277186,0.7071062168043301,1.0,0.48010784,-0.040656485,2.436313,0.0,5.021764137676187,0.74186423063688
2019-03-12,1.4365456201307918,3.0078975701300315,0.4481324775796554,0.7071062168043301,1.0,-0.013221042,-0.4644096,2.4393995,0.0,4.962581652313319,0.7415747767430596
2019-03-13,1.4365456201307918,3.0078975701300315,0.4454349340594628,0.7071062168043301,1.0,0.17854038,-0.27718765,2.5129101,0.0,4.992532384077962,0.7452222601367423
2019-03-14,1.4365456201307918,3.0078975701300315,0.44423532105804775,0.7071062168043301,1.0,0.5537635,0.0076729115,2.2392378,0.0,4.97948880849267,0.7451157370250181
2019-03-15,1.4365456201307918,3.0078975701300315,0.443941571633727,0.7071062168043301,1.0,0.1941107,-0.3393447,2.0557725,0.0,4.963129163693537,0.7458396690218865
2019-03-16,1.4365456201307918,3.0078975701300315,0.44884468178636494,0.7071062168043301,1.0,0.53466314,-0.13418035,2.2236462,0.0,5.085240927072202,0.7405104645323504
2019-03-17,1.4365456201307918,3.0078975701300315,0.45015731496780637,0.7071062168043301,1.0,1.5916362,0.7514571,2.112437,0.0,5.24150975053769,0.7386600229264372
2019-03-18,1.4365456201307918,3.0078975701300315,0.4453856765114054,0.7071062168043301,1.0,1.0814832,0.33586007,2.2809777,0.0,5.088341516245329,0.7419672347939932
2019-03-19,1.4365456201307918,3.0078975701300315,0.44951580871307634,0.7071062168043301,1.0,1.2439319,0.4796015,2.2798746,0.0,5.061234715125527,0.7367872046838276
2019-03-20,1.4365456201307918,3.0078975701300315,0.43408412207421715,0.7071062168043301,1.0,1.1790608,0.46967,2.3632772,0.0,5.0449259816741785,0.7430491085154758
2019-03-21,1.4365456201307918,3.0078975701300315,0.4524728296373665,0.7071062168043301,1.0,0.57180953,0.16951372,2.2545278,0.0,4.963159226276197,0.7295315195285007
2019-03-22,1.4365456201307918,3.0078975701300315,0.43911309814578603,0.7071062168043301,1.0,-0.7410234,-0.9772249,1.7219074,0.0,4.855465276304981,0.7429617030737349
2019-03-23,1.4365456201307918,3.0078975701300315,0.43927685134673233,0.7071062168043301,1.0,-0.30740595,-0.45190626,1.9750668,0.0,4.825226631393423,0.7411501781292437
2019-03-24,1.4365456201307918,3.0078975701300315,0.4564845837603966,0.7071062168043301,1.0,-0.0649346,-0.37533867,2.119611,0.0,4.931159680738591,0.7157392105756818
2019-03-25,1.4365456201307918,3.0078975701300315,0.4647583221002429,0.7071062168043301,1.0,-0.102303945,-0.3576803,2.551066,0.0,4.813233751157768,0.6975679578029005
2019-03-26,1.4365456201307918,3.0078975701300315,0.4623700690714556,0.7071062168043301,1.0,-0.35024038,-0.41152728,2.6443086,0.0,4.698634801551505,0.7030136876748544
2019-03-27,1.4365456201307918,3.0078975701300315,0.5674591480851934,0.7071062168043301,1.0,0.22969036,-0.22613859,2.395134,0.0,2.1111493762366744,0.5775485065860395
2019-03-28,1.4365456201307918,3.0078975701300315,0.5258372523469917,0.7071062168043301,1.0,1.0452954,0.5091862,3.6034908,0.0,2.1103841881741117,0.6288432058481823
2019-03-29,1.4365456201307918,3.0078975701300315,0.5215295849830707,0.7071062168043301,1.0,0.46584502,-0.091937974,3.4502814,0.0,2.082292420345167,0.6305568653219085
2019-03-30,1.4365456201307918,3.0078975701300315,0.5334595679361924,0.7071062168043301,1.0,0.49897975,-0.067560144,2.8599448,0.0,2.1034469593220564,0.6307196477006896
2019-03-31,1.4365456201307918,3.0078975701300315,0.5364601103134979,0.7071062168043301,1.0,0.805744,0.26823416,2.6925132,0.0,2.1141759149783845,0.6288535623604805
2019-04-01,1.4365456201307918,3.0078975701300315,0.5315048608507883,0.7071062168043301,1.0,0.8996623,0.39139938,2.6485353,0.0,2.119868435798754,0.6331701665406428
2019-04-02,1.4365456201307918,3.0078975701300315,0.5300707345927889,0.7071062168043301,1.0,0.1103933,-0.43777958,1.2662171,0.0,2.1291834630492548,0.6342984432044874
2019-04-03,1.4365456201307918,3.0078975701300315,0.42967722313890166,0.7071062168043301,1.0,3.589539,2.4788806,7.291569,0.0,2.1676662097075563,0.741674007764258
2019-04-04,1.4365456201307918,3.0078975701300315,0.49179958865553997,0.7071062168043301,1.0,4.1393123,2.825011,7.7021914,0.0,1.9106685697958614,0.6934736777369767
2019-04-05,1.4365456201307918,3.0078975701300315,0.5014493101631005,0.7071062168043301,1.0,3.917996,2.9246492,7.856952,0.0,1.9268441099575964,0.6774979734559398
2019-04-06,1.4365456201307918,3.0078975701300315,0.5069976118888009,0.7071062168043301,1.0,4.6875257,3.5784807,7.8092494,0.0,1.936482595678656,0.6749154203485438
2019-04-07,1.4365456201307918,3.0078975701300315,0.5090246888869909,0.7071062168043301,1.0,4.521333,3.416393,7.8097296,0.0,1.925459009778705,0.6746999066544058
2019-04-08,1.4365456201307918,3.0078975701300315,0.5240909290619699,0.7071062168043301,1.0,1.8422581,0.5705243,4.3056316,0.0,1.8481531958209243,0.6621762864675744
2019-04-09,1.4365456201307918,3.0078975701300315,0.5366015540944317,0.7071062168043301,1.0,1.3073666,0.10461226,3.285808,0.0,1.9346647810215167,0.6466390733829525
2019-04-10,1.4365456201307918,3.0078975701300315,0.5174780370258135,0.7071062168043301,1.0,1.1463265,0.041943427,3.4666245,0.0,2.0479464408212147,0.6714612577947164
2019-04-11,1.4365456201307918,3.0078975701300315,0.5195976109870116,0.7071062168043301,1.0,0.581991,-0.626256,2.9512882,0.0,2.03138609053544,0.6710413480508634
2019-04-12,1.4365456201307918,3.0078975701300315,0.4865185286894801,0.7071062168043301,1.0,-1.0782118,-1.973693,4.7728467,0.0,3.47624454765114,0.7111750140658745
2019-04-13,1.4365456201307918,3.0078975701300315,0.48390155609406804,0.7071062168043301,1.0,-1.5948329,-2.5084672,4.399416,0.0,3.4797380606309285,0.7124259805857006
2019-04-14,1.4365456201307918,3.0078975701300315,0.48432670096500935,0.7071062168043301,1.0,-1.6720042,-2.5637395,4.01146,0.0,3.4589842872878274,0.7116367521491879
2019-04-15,1.4365456201307918,3.0078975701300315,0.4828362653158541,0.7071062168043301,1.0,-0.6831634,-1.5845754,4.4099154,0.0,3.4589842872878274,0.713215571229141
2019-04-16,1.4365456201307918,3.0078975701300315,0.4867599376804441,0.7071062168043301,1.0,-1.274161,-2.0047753,4.351477,0.0,3.39618390877823,0.7061790831312604
2019-04-17,1.4365456201307918,3.0078975701300315,0.48799382543773895,0.7071062168043301,1.0,0.8431183,-0.012635406,2.5849419,0.0,3.4835498601530475,0.7044489633943942
2019-04-18,1.4365456201307918,3.0078975701300315,0.48138973659534817,0.7071062168043301,1.0,0.6059028,-0.20139343,2.7360566,0.0,3.450471569360487,0.7112442312242795
2019-04-19,1.4365456201307918,3.0078975701300315,0.48669126629605625,0.7071062168043301,1.0,1.1074101,0.2276166,3.1219757,0.0,3.4536128411885474,0.7038363734973606
2019-04-20,1.4365456201307918,3.0078975701300315,0.48964927317384443,0.7071062168043301,1.0,0.7056668,-0.21805477,3.0535645,0.0,3.458021689258095,0.6938551034844174
2019-04-21,1.4365456201307918,3.0078975701300315,0.4958182590735395,0.7071062168043301,1.0,0.9118208,-0.09426739,2.237894,0.0,3.480517531265799,0.6846879734004019
2019-04-22,1.4365456201307918,3.0078975701300315,0.4937030376165904,0.7071062168043301,1.0,-0.23879918,-1.1059873,2.3366423,0.0,3.452671767798723,0.6943883367835317
2019-04-23,1.4365456201307918,3.0078975701300315,0.48683659175329147,0.7071062168043301,1.0,0.0051533403,-0.81382424,2.3804834,0.0,3.443580170628096,0.7001725698789724
2019-04-24,1.4365456201307918,3.0078975701300315,0.4856344416301983,0.7071062168043301,1.0,-0.72201407,-1.4985225,2.061998,0.0,3.4461355613900087,0.717387066188505
2019-04-25,1.4365456201307918,3.0078975701300315,0.48747910332249467,0.7071062168043301,1.0,-1.6760656,-2.3788164,2.4159582,0.0,3.666787804672535,0.7126840646166973
2019-04-26,1.4365456201307918,3.0078975701300315,0.48848949058596125,0.7071062168043301,1.0,-2.4390593,-3.0003557,2.633833,0.0,3.682137953630627,0.7206674534259744
2019-04-27,1.4365456201307918,3.0078975701300315,0.4771501480722661,0.7071062168043301,1.0,-1.437751,-1.8910981,3.2335258,0.0,3.6731549657805616,0.7224537226816561
2019-04-28,1.4365456201307918,3.0078975701300315,0.47889317154877253,0.7071062168043301,1.0,-1.6163253,-2.0882745,3.1624584,0.0,3.697960265275608,0.7205029301682165
2019-04-29,1.4365456201307918,3.0078975701300315,0.4796745846494752,0.7071062168043301,1.0,-1.4894049,-1.9345158,3.0785549,0.0,3.674714861483692,0.7201384493477043
2019-04-30,1.4365456201307918,3.0078975701300315,0.46776346493896476,0.7071062168043301,1.0,-1.311899,-1.6617092,2.8248332,0.0,3.691616361156015,0.726784891451348
2019-05-01,1.4365456201307918,3.0078975701300315,0.46175159569030344,0.7071062168043301,1.0,0.62710947,0.111238316,3.525793,0.0,3.6915249327690085,0.731926096278705
2019-05-02,1.4365456201307918,3.0078975701300315,0.4606539694001954,0.7071062168043301,1.0,0.20703457,-0.26241937,3.4330738,0.0,3.6564662086229234,0.7328682595212662
2019-05-03,1.4365456201307918,3.0078975701300315,0.5808910203709572,0.7071062168043301,1.0,0.46340027,0.5124742,3.5891871,0.0,3.640990143446896,0.5994429566738879
2019-05-04,1.4365456201307918,3.0078975701300315,0.5331720022525203,0.7071062168043301,1.0,1.3810272,1.3956305,3.857441,0.0,3.6704122399641896,0.6605456735155824
2019-05-05,1.4365456201307918,3.0078975701300315,0.5316463860913065,0.7071062168043301,1.0,1.6536119,1.6811991,3.4789414,0.0,3.6518924042130436,0.664273252759693
2019-05-06,1.4365456201307918,3.0078975701300315,0.5360308625262981,0.7071062168043301,1.0,0.44587573,0.63694626,2.6415286,0.0,3.6142820251519012,0.6634491045359924
2019-05-07,1.4365456201307918,3.0078975701300315,0.5402409184331334,0.7071062168043301,1.0,0.45301473,0.6616138,2.863449,0.0,3.6112694649499106,0.6580522137219578
2019-05-08,1.4365456201307918,3.0078975701300315,0.5371601280269542,0.7071062168043301,1.0,0.021982882,0.37443602,2.7735348,0.0,3.5962079081687337,0.6567449617947058
2019-05-09,1.4365456201307918,3.0078975701300315,0.5247993926147844,0.7071062168043301,1.0,-0.64918154,-0.308487,1.6143408,0.0,3.6008705981491507,0.6753560382914374
2019-05-10,1.4365456201307918,3.0078975701300315,0.5193107303445411,0.7071062168043301,1.0,-0.7264128,-0.38670245,1.886652,0.0,3.730260452936396,0.665590030148532
2019-05-11,1.4365456201307918,3.0078975701300315,0.5191868217990648,0.7071062168043301,1.0,-0.2085031,0.11431645,2.263286,0.0,3.7334983604797936,0.6711299090271688
2019-05-12,1.4365456201307918,3.0078975701300315,0.4640673217747491,0.7071062168043301,1.0,2.204405,1.8659015,5.9513845,0.0,2.912511375191811,0.7257332628559852
2019-05-13,1.4365456201307918,3.0078975701300315,0.45788575935422937,0.7071062168043301,1.0,1.7144023,1.5153162,6.512557,0.0,3.006947994416338,0.7328489790945852
2019-05-14,1.4365456201307918,3.0078975701300315,0.45490381160634863,0.7071062168043301,1.0,2.852071,2.4387531,6.8842196,0.0,3.0255476471897658,0.7466628140750498
2019-05-15,1.4365456201307918,3.0078975701300315,0.4944915061916044,0.7071062168043301,1.0,4.852445,4.269554,7.3301044,0.0,3.0211451720028553,0.690409409205492
2019-05-16,1.4365456201307918,3.0078975701300315,0.4933672017728511,0.7071062168043301,1.0,6.5038705,5.530351,7.8264213,0.0,3.068547718083679,0.7099255591335546
2019-05-17,1.4365456201307918,3.0078975701300315,0.5205427495045717,0.7071062168043301,1.0,3.6176643,2.8167362,7.5907555,0.0,3.265132210512846,0.692493004512611
2019-05-18,1.4365456201307918,3.0078975701300315,0.49955528790145104,0.7071062168043301,1.0,2.9592824,2.3679664,8.582899,0.0,3.754334663781156,0.7128733399517526
2019-05-19,1.4365456201307918,3.0078975701300315,0.5015913043878496,0.7071062168043301,1.0,1.5943784,1.099899,8.157656,0.0,3.690364882240347,0.7071174349158319
2019-05-20,1.4365456201307918,3.0078975701300315,0.4749686413944959,0.7071062168043301,1.0,2.0628166,1.2537339,8.676364,0.0,3.7086978750151234,0.7367887890637056
2019-05-21,1.4365456201307918,3.0078975701300315,0.4711778721042432,0.7071062168043301,1.0,-0.63075703,-1.3471798,7.1697044,0.0,3.6632226590142554,0.7401352721290722
2019-05-22,1.4365456201307918,3.0078975701300315,0.4761824044429803,0.7071062168043301,1.0,0.14580101,-0.71922714,6.867739,0.0,3.735927042757356,0.7319097132152673
2019-05-23,1.4365456201307918,3.0078975701300315,0.46815864658519746,0.7071062168043301,1.0,0.5861154,-0.102027625,6.3770537,0.0,3.76814115883069,0.7395430035296571
2019-05-24,1.4365456201307918,3.0078975701300315,0.4675242760904224,0.7071062168043301,1.0,0.94841075,0.17552724,6.120763,0.0,3.818258068749796,0.7406444346611412
2019-05-25,1.4365456201307918,3.0078975701300315,0.47791356798338386,0.7071062168043301,1.0,-0.38394427,-1.4083805,3.8545165,0.0,3.7788470695040988,0.7311984735532762
2019-05-26,1.4365456201307918,3.0078975701300315,0.48497889674064965,0.7071062168043301,1.0,0.42853606,-0.7658192,3.5314934,0.0,3.8249843784164894,0.7235504926378511
2019-05-27,1.4365456201307918,3.0078975701300315,0.4817141648303528,0.7071062168043301,1.0,1.3855522,0.049973525,4.685645,0.0,3.8183942956472072,0.7187587890858436
2019-05-28,1.4365456201307918,3.0078975701300315,0.5372121929724923,0.7071062168043301,1.0,3.356711,1.8397286,3.5527828,0.0,3.846676724384187,0.6997464254615584
2019-05-29,1.4365456201307918,3.0078975701300315,0.5383576548144958,0.7071062168043301,1.0,3.0371776,1.5098636,3.8656285,0.0,3.8361776220673875,0.6998703435734848
2019-05-30,1.4365456201307918,3.0078975701300315,0.5437316404990393,0.7071062168043301,1.0,2.2873619,0.6630487,3.9431393,0.0,3.8103710840180414,0.6927053688873056
2019-05-31,1.4365456201307918,3.0078975701300315,0.5300517480565566,0.7071062168043301,1.0,0.9801515,-0.27304408,5.2253585,0.0,3.9051140829591984,0.7096845493135514
2019-06-01,1.4365456201307918,3.0078975701300315,0.5396885912360235,0.7071062168043301,1.0,0.7577278,-0.66963303,4.7960076,0.0,3.9391946685970853,0.7042669316744158
2019-06-02,1.4365456201307918,3.0078975701300315,0.5522562933382725,0.7071062168043301,1.0,-0.313755,-1.7012115,4.5390997,0.0,3.9854251369904032,0.6895599088770561
2019-06-03,1.4365456201307918,3.0078975701300315,0.5489896413270363,0.7071062168043301,1.0,0.14003955,-1.180443,4.628147,0.0,3.990963399265403,0.6913315596292695
2019-06-04,1.4365456201307918,3.0078975701300315,0.5345449178315926,0.7071062168043301,1.0,-1.3361948,-2.4622066,5.7262654,0.0,4.5277941149504635,0.7089076087296898
2019-06-05,1.4365456201307918,3.0078975701300315,0.5264708506120986,0.7071062168043301,1.0,-1.2395201,-2.2118163,5.7897453,0.0,4.540557126829271,0.71549821517837
2019-06-06,1.4365456201307918,3.0078975701300315,0.5246083921435083,0.7071062168043301,1.0,-1.9136838,-2.946595,5.0300174,0.0,4.570897382156519,0.7166491280509715
2019-06-07,1.4365456201307918,3.0078975701300315,0.5301904405280045,0.7071062168043301,1.0,-1.6104532,-2.725837,5.0677223,0.0,4.577624334903614,0.7118699500425602
2019-06-08,1.4365456201307918,3.0078975701300315,0.5324817305338084,0.7071062168043301,1.0,-1.5353191,-2.7081122,5.148058,0.0,4.55428847565753,0.7114994521394076
2019-06-09,1.4365456201307918,3.0078975701300315,0.5282796604607153,0.7071062168043301,1.0,-0.31686518,-1.511135,3.869283,0.0,4.433201659228722,0.7167066750014062
2019-06-10,1.4365456201307918,3.0078975701300315,0.5193151987898673,0.7071062168043301,1.0,-0.23250388,-1.2008001,3.3689442,0.0,4.326759437343303,0.7261589266625573
2019-06-11,1.4365456201307918,3.0078975701300315,0.539381410886475,0.7071062168043301,1.0,0.44516173,-0.29454213,3.9951127,0.0,4.326759437343303,0.7105881941605524
2019-06-12,1.4365456201307918,3.0078975701300315,0.5453753937495693,0.7071062168043301,1.0,0.15957545,-0.6966706,3.8718653,0.0,4.409919392301612,0.7046177255001764
2019-06-13,1.4365456201307918,3.0078975701300315,0.5447589812302324,0.7071062168043301,1.0,0.3893074,-0.373025,4.216098,0.0,4.419759908937145,0.706494482052761
2019-06-14,1.4365456201307918,3.0078975701300315,0.5145332695603305,0.7071062168043301,1.0,0.6303751,0.13978358,4.234079,0.0,4.380434857666126,0.7267602974234405
2019-06-15,1.4365456201307918,3.0078975701300315,0.5108278475933874,0.7071062168043301,1.0,1.787889,1.6055897,3.2621179,0.0,4.385203324469718,0.7021426771098489
2019-06-16,1.4365456201307918,3.0078975701300315,0.46883867120873995,0.7071062168043301,1.0,1.109683,0.787976,2.7556376,0.0,4.3560711345249565,0.7211202974083847
2019-06-17,1.4365456201307918,3.0078975701300315,0.49332000191127223,0.7071062168043301,1.0,1.3699886,0.7786249,2.443831,0.0,4.148753245291996,0.6993067569060482
2019-06-18,1.4365456201307918,3.0078975701300315,0.4776378550502637,0.7071062168043301,1.0,1.1054472,0.42460334,2.0943382,0.0,4.229171454374409,0.7160605123847147
2019-06-19,1.4365456201307918,3.0078975701300315,0.5066360960584327,0.7071062168043301,1.0,0.6097167,0.3613085,2.8933392,0.0,4.126221173272537,0.6932290146869933
2019-06-20,1.4365456201307918,3.0078975701300315,0.5120392877570255,0.7071062168043301,1.0,0.65656364,0.2597109,2.5909367,0.0,4.2564730041184005,0.6892379786064502
2019-06-21,1.4365456201307918,3.0078975701300315,0.5131295331622827,0.7071062168043301,1.0,0.32519647,-0.026409771,2.4463677,0.0,4.204368657763809,0.6916767380161701
2019-06-22,1.4365456201307918,3.0078975701300315,0.5373437666012926,0.7071062168043301,1.0,0.9871808,0.32897288,2.9394763,0.0,4.24875377576062,0.6789951024065042
2019-06-23,1.4365456201307918,3.0078975701300315,0.5358321169805775,0.7071062168043301,1.0,1.5774935,0.7918025,3.88045,0.0,4.229636308211226,0.6718250789524746
2019-06-24,1.4365456201307918,3.0078975701300315,0.5284133946641668,0.7071062168043301,1.0,1.8922957,1.2645141,3.405822,0.0,4.150622630366953,0.6786768619219168
2019-06-25,1.4365456201307918,3.0078975701300315,0.5277254713932281,0.7071062168043301,1.0,1.7558441,1.1377734,3.4320285,0.0,4.138918554774943,0.6797939768046634
2019-06-26,1.4365456201307918,3.0078975701300315,0.5529178394638045,0.7071062168043301,1.0,1.8490247,1.4201729,3.384921,0.0,4.126807264134386,0.6628561759766439
2019-06-27,1.4365456201307918,3.0078975701300315,0.5904191659787339,0.7071062168043301,1.0,0.9506431,0.6934465,3.4222276,0.0,4.11420902069055,0.6380339786085012
2019-06-28,1.4365456201307918,3.0078975701300315,0.4932549202028426,0.7071062168043301,1.0,-2.6594653,-2.4957159,6.155184,0.0,5.806855778544389,0.7230318219046307
2019-06-29,1.4365456201307918,3.0078975701300315,0.47870952115199866,0.7071062168043301,1.0,-1.3439069,-1.366477,7.180901,0.0,5.868983486330615,0.7354210476340528
2019-06-30,1.4365456201307918,3.0078975701300315,0.49861710031197304,0.7071062168043301,1.0,-0.96464676,-1.2585844,7.6213536,0.0,6.002708386163588,0.7104917158044014
2019-07-01,1.4365456201307918,3.0078975701300315,0.4614191815216729,0.7071062168043301,1.0,-2.950895,-2.761643,8.388747,0.0,6.2398541350669845,0.7508376209145834
2019-07-02,1.4365456201307918,3.0078975701300315,0.44635517346021436,0.7071062168043301,1.0,-2.5954633,-2.4723752,8.358461,0.0,6.264115695747291,0.7691794349307726
2019-07-03,1.4365456201307918,3.0078975701300315,0.44109114735104565,0.7071062168043301,1.0,-0.3144224,-0.074929275,6.0617743,0.0,6.129270601627786,0.7696086187855835
2019-07-04,1.4365456201307918,3.0078975701300315,0.4447008538448225,0.7071062168043301,1.0,-0.61694145,-0.75938714,5.7684608,0.0,6.038403219936961,0.7577708130992329
2019-07-05,1.4365456201307918,3.0078975701300315,0.4443711722576198,0.7071062168043301,1.0,-2.051989,-2.2105153,5.5232735,0.0,6.015847548746397,0.756454148471415
2019-07-06,1.4365456201307918,3.0078975701300315,0.4432703915185848,0.7071062168043301,1.0,-0.24118625,-0.33068368,3.6351283,0.0,5.978020029058467,0.7578164822341686
2019-07-07,1.4365456201307918,3.0078975701300315,0.44007907687768805,0.7071062168043301,1.0,-0.38173723,-0.46343514,3.465032,0.0,6.005469757831076,0.7642985825617555
2019-07-08,1.4365456201307918,3.0078975701300315,0.43922571961689566,0.7071062168043301,1.0,0.5993466,0.48306206,3.7757783,0.0,6.005469757831076,0.7645293666520053
2019-07-09,1.4365456201307918,3.0078975701300315,0.4368806305203884,0.7071062168043301,1.0,0.15497851,-0.06610777,3.4665055,0.0,6.135367000088912,0.7661314506199974
2019-07-10,1.4365456201307918,3.0078975701300315,0.4444373014142814,0.7071062168043301,1.0,0.82800156,0.49272445,2.400974,0.0,6.186632007222579,0.7581426391442903
2019-07-11,1.4365456201307918,3.0078975701300315,0.4347552162054947,0.7071062168043301,1.0,-0.46675506,-0.40426636,4.267699,0.0,6.181261354643705,0.7681198037000256
2019-07-12,1.4365456201307918,3.0078975701300315,0.41145703989276355,0.7071062168043301,1.0,-2.4830244,-2.124289,5.6380963,0.0,6.510890170897908,0.7929027202212616
2019-07-13,1.4365456201307918,3.0078975701300315,0.43102374247529185,0.7071062168043301,1.0,-2.2055514,-1.8893595,6.099977,0.0,6.5093169255028265,0.7895275086705023
2019-07-14,1.4365456201307918,3.0078975701300315,0.4190035051084574,0.7071062168043301,1.0,-3.0846999,-2.686607,5.6471205,0.0,6.400073230246458,0.7943094044229788
2019-07-15,1.4365456201307918,3.0078975701300315,0.39721831921618,0.7071062168043301,1.0,-5.302491,-4.4560385,6.9149613,0.0,7.13635743720237,0.8282446512862789
2019-07-16,1.4365456201307918,3.0078975701300315,0.405020626746236,0.7071062168043301,1.0,-3.358342,-2.5511825,7.819131,0.0,7.125105693527388,0.8223143087384341
2019-07-17,1.4365456201307918,3.0078975701300315,0.38121734477460534,0.7071062168043301,1.0,-4.0515924,-2.7892601,8.601509,0.0,7.628735717958394,0.8428862749521763
2019-07-18,1.4365456201307918,3.0078975701300315,0.3799828477882172,0.7071062168043301,1.0,-3.8929145,-2.743662,8.789071,0.0,7.640521922739031,0.8438515719642056
2019-07-19,1.4365456201307918,3.0078975701300315,0.3681224414202173,0.7071062168043301,1.0,-1.6744033,-0.8956238,10.417428,0.0,7.808469791504793,0.8558802702493858
2019-07-20,1.4365456201307918,3.0078975701300315,0.37842857843826405,0.7071062168043301,1.0,0.8757022,1.6856321,8.57749,0.0,7.73524679573749,0.8473945885295847
2019-07-21,1.4365456201307918,3.0078975701300315,0.378359982649459,0.7071062168043301,1.0,1.0820035,1.7630285,8.49166,0.0,7.76305878928349,0.8498715151558422
2019-07-22,1.4365456201307918,3.0078975701300315,0.38308958809793925,0.7071062168043301,1.0,3.3670933,4.2327733,4.4231033,0.0,7.715784712822215,0.8483209879138077
2019-07-23,1.4365456201307918,3.0078975701300315,0.38067536043840916,0.7071062168043301,1.0,1.5375185,2.6934333,5.1206536,0.0,7.571383057614341,0.8528343907904056
2019-07-24,1.4365456201307918,3.0078975701300315,0.39584482092186035,0.7071062168043301,1.0,-0.9305647,0.31869158,3.814602,0.0,7.457224877597475,0.8509539171661646
2019-07-25,1.4365456201307918,3.0078975701300315,0.40277571242224797,0.7071062168043301,1.0,-0.6187986,0.58690506,3.8384142,0.0,7.436652635734759,0.8430659891857006
2019-07-26,1.4365456201307918,3.0078975701300315,0.3971933541273299,0.7071062168043301,1.0,-1.4796101,-0.24381265,2.9200656,0.0,7.461929345357907,0.8481609290494426
2019-07-27,1.4365456201307918,3.0078975701300315,0.3652130179566476,0.7071062168043301,1.0,-0.9743,0.21220396,3.2100222,0.0,7.5499160214667995,0.8617893137774083
2019-07-28,1.4365456201307918,3.0078975701300315,0.38398655308711044,0.7071062168043301,1.0,-1.2466227,-0.32618165,3.4955392,0.0,6.836679744857898,0.8491049492449241
2019-07-29,1.4365456201307918,3.0078975701300315,0.3910007681743908,0.7071062168043301,1.0,-0.3123041,0.76501834,3.1099381,0.0,6.845654408492714,0.8452461517549099
2019-07-30,1.4365456201307918,3.0078975701300315,0.3848917078982883,0.7071062168043301,1.0,-0.8147036,0.36600956,2.6565578,0.0,6.848914095084025,0.8532585976677813
2019-07-31,1.4365456201307918,3.0078975701300315,0.40227981357510445,0.7071062168043301,1.0,-0.6003871,0.24365908,2.6851332,0.0,6.778084731161684,0.8396314141059347
2019-08-01,1.4365456201307918,3.0078975701300315,0.4001434419759544,0.7071062168043301,1.0,-0.19390874,0.5923362,3.200771,0.0,6.795112869148145,0.8410665280487092
2019-08-02,1.4365456201307918,3.0078975701300315,0.4012260135930342,0.7071062168043301,1.0,0.8604391,1.5850699,1.9492201,0.0,6.87483064398438,0.838991073520036
2019-08-03,1.4365456201307918,3.0078975701300315,0.407085275592919,0.7071062168043301,1.0,0.40232623,1.3097707,2.243537,0.0,6.761748693148362,0.83746464941223
2019-08-04,1.4365456201307918,3.0078975701300315,0.4053346311707626,0.7071062168043301,1.0,0.7710847,1.4812856,2.192148,0.0,6.913636622989188,0.8405233121999759
2019-08-05,1.4365456201307918,3.0078975701300315,0.40116326262660795,0.7071062168043301,1.0,0.65986055,1.3537322,2.189483,0.0,6.932744071919345,0.841859283474966
2019-08-06,1.4365456201307918,3.0078975701300315,0.39877136933499646,0.7071062168043301,1.0,0.69979304,1.3057829,2.2482197,0.0,6.946787929819082,0.8432856014175608
2019-08-07,1.4365456201307918,3.0078975701300315,0.39372348716074124,0.7071062168043301,1.0,-0.20671676,0.65225786,3.1168756,0.0,6.75743177578733,0.8452120028259837
2019-08-08,1.4365456201307918,3.0078975701300315,0.39667313226748796,0.7071062168043301,1.0,0.37563625,1.2463045,3.2159095,0.0,6.748334161592647,0.8427841416127826
2019-08-09,1.4365456201307918,3.0078975701300315,0.40123445926587425,0.7071062168043301,1.0,0.02880943,0.87220895,3.260351,0.0,6.769315817013586,0.8396884196446588
2019-08-10,1.4365456201307918,3.0078975701300315,0.4025182664097293,0.7071062168043301,1.0,-1.0092202,-0.22493765,3.9468384,0.0,6.71251614730147,0.8380552028881731
2019-08-11,1.4365456201307918,3.0078975701300315,0.41807502003767766,0.7071062168043301,1.0,-1.6364043,-1.1715177,3.4041345,0.0,6.469004323064379,0.8216911024419817
2019-08-12,1.4365456201307918,3.0078975701300315,0.41054211076296143,0.7071062168043301,1.0,-0.14668466,0.36914548,3.82024,0.0,6.469004323064379,0.826740560890479
2019-08-13,1.4365456201307918,3.0078975701300315,0.4106478898180628,0.7071062168043301,1.0,-0.72701734,-0.24929617,3.6651216,0.0,6.527312088734823,0.8257960117510051
2019-08-14,1.4365456201307918,3.0078975701300315,0.4506392711746419,0.7071062168043301,1.0,-0.88800055,-0.7803495,3.5895965,0.0,5.29018268552043,0.7898599243263947
2019-08-15,1.4365456201307918,3.0078975701300315,0.40532691099018336,0.7071062168043301,1.0,-1.8807129,-1.3427018,5.2878375,0.0,5.83152540752223,0.8256997076748304
2019-08-16,1.4365456201307918,3.0078975701300315,0.460376942179926,0.7071062168043301,1.0,-1.7636513,-1.6800883,5.3065825,0.0,4.438276058468152,0.7767406941268215
2019-08-17,1.4365456201307918,3.0078975701300315,0.46803975844244566,0.7071062168043301,1.0,-2.7104397,-2.3916886,4.497341,0.0,4.347184178661768,0.7715702853929273
2019-08-18,1.4365456201307918,3.0078975701300315,0.508843416979322,0.7071062168043301,1.0,-2.5323443,-1.911633,4.547391,0.0,4.294987788295269,0.7283227816893869
2019-08-19,1.4365456201307918,3.0078975701300315,0.4700573869134879,0.7071062168043301,1.0,-1.5077976,-1.0028965,5.339781,0.0,4.364868800542477,0.7598314946390936
2019-08-20,1.4365456201307918,3.0078975701300315,0.4802890224020626,0.7071062168043301,1.0,0.97345006,1.5295534,2.559011,0.0,4.364868800542477,0.7515328253620468
2019-08-21,1.4365456201307918,3.0078975701300315,0.47597246127806514,0.7071062168043301,1.0,0.29061282,0.88692254,2.920504,0.0,4.302712074051537,0.7566402122936435
2019-08-22,1.4365456201307918,3.0078975701300315,0.4691232195132665,0.7071062168043301,1.0,-0.29817602,0.3265241,3.6009269,0.0,4.255753384087736,0.7664207325377621
2019-08-23,1.4365456201307918,3.0078975701300315,0.46761788886717587,0.7071062168043301,1.0,0.17589173,0.61219364,3.75985,0.0,4.260991790539265,0.759663227969399
2019-08-24,1.4365456201307918,3.0078975701300315,0.45278538674343144,0.7071062168043301,1.0,-0.15823533,0.26990515,3.3616207,0.0,4.291541423610573,0.778832315258586
2019-08-25,1.4365456201307918,3.0078975701300315,0.44799955231636396,0.7071062168043301,1.0,-1.0239054,-0.54375297,3.0186265,0.0,4.209881130717349,0.7807041532187182
2019-08-26,1.4365456201307918,3.0078975701300315,0.4584901134767231,0.7071062168043301,1.0,-0.65519947,-0.11207316,3.1102312,0.0,4.141869482543255,0.766868574453696
2019-08-27,1.4365456201307918,3.0078975701300315,0.4717589039520089,0.7071062168043301,1.0,0.38983834,0.74179494,2.3449104,0.0,4.130913484176525,0.752955706853977
2019-08-28,1.4365456201307918,3.0078975701300315,0.4706505651592574,0.7071062168043301,1.0,-0.16579595,0.24608795,2.0696242,0.0,4.063874985836092,0.7535068112303601
2019-08-29,1.4365456201307918,3.0078975701300315,0.4475409583227439,0.7071062168043301,1.0,-1.8941214,-1.286078,3.148835,0.0,4.290614628630436,0.7738637552551008
2019-08-30,1.4365456201307918,3.0078975701300315,0.44876688203369713,0.7071062168043301,1.0,-2.217943,-1.4681977,3.3177984,0.0,4.254167971508454,0.7722042464167984
2019-08-31,1.4365456201307918,3.0078975701300315,0.44935203852839084,0.7071062168043301,1.0,-2.0781896,-1.2210165,3.1850898,0.0,4.248335802163298,0.7731476683528211
2019-09-01,1.4365456201307918,3.0078975701300315,0.4517553896055999,0.7071062168043301,1.0,-2.1484911,-1.2950461,3.1746674,0.0,4.269267429166581,0.7708605950079346
2019-09-02,1.4365456201307918,3.0078975701300315,0.44773998134395154,0.7071062168043301,1.0,-1.8442181,-1.0579102,3.4193578,0.0,4.324856660523749,0.7720215297462851
2019-09-03,1.4365456201307918,3.0078975701300315,0.4442977021718578,0.7071062168043301,1.0,0.030438228,0.7619228,2.6694155,0.0,4.327634736358716,0.7753195477477438
2019-09-04,1.4365456201307918,3.0078975701300315,0.4442399244129603,0.7071062168043301,1.0,0.9726064,1.6702272,1.6847743,0.0,4.349710260163683,0.7757481696212201
2019-09-05,1.4365456201307918,3.0078975701300315,0.44828034722657706,0.7071062168043301,1.0,0.580003,1.4571412,2.1058633,0.0,4.260453964179899,0.772934546120903
2019-09-06,1.4365456201307918,3.0078975701300315,0.45443241229998566,0.7071062168043301,1.0,0.28393263,1.0556027,2.2179906,0.0,4.244020185013206,0.7622926382103463
2019-09-07,1.4365456201307918,3.0078975701300315,0.44924082283487704,0.7071062168043301,1.0,-0.24981633,0.6407337,2.4875515,0.0,4.170495977071868,0.7666863792075317
2019-09-08,1.4365456201307918,3.0078975701300315,0.4324492834353351,0.7071062168043301,1.0,0.08683271,0.8086467,3.1858008,0.0,4.231939229593643,0.7781839834997871
2019-09-09,1.4365456201307918,3.0078975701300315,0.4368871695452156,0.7071062168043301,1.0,0.24136493,0.7305549,3.2389219,0.0,4.148618014825684,0.7744128258069224
2019-09-10,1.4365456201307918,3.0078975701300315,0.4196348706246366,0.7071062168043301,1.0,0.5103131,1.029665,3.0521882,0.0,4.12528877898907,0.7852651632308713
2019-09-11,1.4365456201307918,3.0078975701300315,0.42318732014672744,0.7071062168043301,1.0,0.49311462,1.1581515,2.8452857,0.0,4.0578967877658485,0.7822635855997271
2019-09-12,1.4365456201307918,3.0078975701300315,0.42498886346755144,0.7071062168043301,1.0,0.7126183,1.363229,2.8046086,0.0,4.076944337474061,0.7782132338617634
2019-09-13,1.4365456201307918,3.0078975701300315,0.4064668430772469,0.7071062168043301,1.0,-0.23437509,0.37850133,1.8453745,0.0,4.120809824309719,0.7867458594105599
2019-09-14,1.4365456201307918,3.0078975701300315,0.48349980249362734,0.7071062168043301,1.0,-0.5950875,-0.32016847,1.513487,0.0,2.8847495781261085,0.7141975382578413
2019-09-15,1.4365456201307918,3.0078975701300315,0.4801901927313931,0.7071062168043301,1.0,-0.012848089,0.21470329,2.144482,0.0,2.8953405193514925,0.7171354005407554
2019-09-16,1.4365456201307918,3.0078975701300315,0.4814080095799693,0.7071062168043301,1.0,0.19291472,0.3740592,1.9941373,0.0,2.9399846417322357,0.7161692591328891
2019-09-17,1.4365456201307918,3.0078975701300315,0.4824930648255634,0.7071062168043301,1.0,0.6126447,0.7390906,1.7296765,0.0,2.969404750026823,0.7149610697800836
2019-09-18,1.4365456201307918,3.0078975701300315,0.49743329373043044,0.7071062168043301,1.0,1.4974864,1.609482,2.46049,0.0,2.9681377531650637,0.6926879689394181
2019-09-19,1.4365456201307918,3.0078975701300315,0.5344528415930151,0.7071062168043301,1.0,2.7464688,2.7258847,3.5052383,0.0,2.966048463605277,0.6678016758122021
2019-09-20,1.4365456201307918,3.0078975701300315,0.5505421120066983,0.7071062168043301,1.0,2.0460825,1.9810556,3.7800868,0.0,2.9957307312992425,0.6510698249270512
2019-09-21,1.4365456201307918,3.0078975701300315,0.5692668422185533,0.7071062168043301,1.0,1.5896983,1.4561971,4.264651,0.0,3.0072995914038856,0.6289271983887282
2019-09-22,1.4365456201307918,3.0078975701300315,0.572490668535708,0.7071062168043301,1.0,1.2349025,1.1848466,4.438567,0.0,2.9632270656824478,0.6259877786534849
2019-09-23,1.4365456201307918,3.0078975701300315,0.5783213674473271,0.7071062168043301,1.0,-0.18224497,-0.06624759,4.426694,0.0,3.00137636290881,0.6206841675297576
2019-09-24,1.4365456201307918,3.0078975701300315,0.5558633285230686,0.7071062168043301,1.0,-2.5244648,-2.2949555,2.5564718,0.0,3.3282554828962354,0.6446245339192633
2019-09-25,1.4365456201307918,3.0078975701300315,0.4228568599684097,0.7071062168043301,1.0,-6.135153,-5.2868543,7.6885414,0.0,7.2810253244102086,0.7956843061497257
2019-09-26,1.4365456201307918,3.0078975701300315,0.42233054293292266,0.7071062168043301,1.0,-5.1372447,-4.3495655,8.621295,0.0,7.294903784910451,0.7957471689470946
2019-09-27,1.4365456201307918,3.0078975701300315,0.42525841009714427,0.7071062168043301,1.0,-5.5418835,-4.6959248,8.421103,0.0,7.289811679662611,0.7920488080472158
2019-09-28,1.4365456201307918,3.0078975701300315,0.42453637970864433,0.7071062168043301,1.0,-4.456353,-3.9133172,9.130547,0.0,7.361611533872578,0.7856791199590236
2019-09-29,1.4365456201307918,3.0078975701300315,0.43054327935251013,0.7071062168043301,1.0,-3.4081616,-2.9802825,9.224477,0.0,7.412969367115911,0.785067202323233
2019-09-30,1.4365456201307918,3.0078975701300315,0.429155065325815,0.7071062168043301,1.0,-0.013366739,0.49079478,3.02199,0.0,7.279035751081131,0.7863773752683104
2019-10-01,1.4365456201307918,3.0078975701300315,0.42313353300114454,0.7071062168043301,1.0,0.42098442,0.78041774,3.5430942,0.0,7.316686372810643,0.7960861261695134
2019-10-02,1.4365456201307918,3.0078975701300315,0.42295564837961513,0.7071062168043301,1.0,0.7465225,1.1606911,3.1306126,0.0,7.27511028873312,0.7957619004415163
2019-10-03,1.4365456201307918,3.0078975701300315,0.41616309889984127,0.7071062168043301,1.0,0.48306116,0.95066,2.930106,0.0,7.27511028873312,0.8037519073697205
2019-10-04,1.4365456201307918,3.0078975701300315,0.4143623074826095,0.7071062168043301,1.0,0.19186074,0.749864,3.0435858,0.0,7.137976326517972,0.8061399053812531
2019-10-05,1.4365456201307918,3.0078975701300315,0.41354797850256714,0.7071062168043301,1.0,0.83216596,1.2943003,2.6831098,0.0,7.310483647456991,0.8066771888973839
2019-10-06,1.4365456201307918,3.0078975701300315,0.39708402751247657,0.7071062168043301,1.0,-0.118347414,0.3081326,1.560826,0.0,7.351767814376814,0.8143795768543125
2019-10-07,1.4365456201307918,3.0078975701300315,0.3982413952501854,0.7071062168043301,1.0,-0.09112194,0.29659763,1.5358047,0.0,7.413285950313503,0.8128420563127923
2019-10-08,1.4365456201307918,3.0078975701300315,0.38741866918782886,0.7071062168043301,1.0,0.76800823,1.1220778,2.9990513,0.0,7.413285950313503,0.8188470303233877
2019-10-09,1.4365456201307918,3.0078975701300315,0.38671436685457433,0.7071062168043301,1.0,1.1880294,1.5882553,2.6987593,0.0,7.344697061024395,0.8189663730152917
2019-10-10,1.4365456201307918,3.0078975701300315,0.4126792494504457,0.7071062168043301,1.0,1.6936418,1.9585546,3.2575328,0.0,7.484247017112054,0.8080376484406682
2019-10-11,1.4365456201307918,3.0078975701300315,0.4059183553025376,0.7071062168043301,1.0,1.2093816,1.5164838,3.7604537,0.0,7.447153164649757,0.808170410819367
2019-10-12,1.4365456201307918,3.0078975701300315,0.4039810193591622,0.7071062168043301,1.0,0.9102195,1.2650056,4.0584626,0.0,7.390467024443619,0.8106240835300568
2019-10-13,1.4365456201307918,3.0078975701300315,0.4037518540251732,0.7071062168043301,1.0,-0.23390262,0.12008822,2.9767606,0.0,7.383577611406489,0.810864725445583
2019-10-14,1.4365456201307918,3.0078975701300315,0.40507837236467137,0.7071062168043301,1.0,-0.031333532,0.27493328,2.9703584,0.0,7.443801872153165,0.8100225871088395
2019-10-15,1.4365456201307918,3.0078975701300315,0.4066904825219144,0.7071062168043301,1.0,-0.17136398,0.11996827,2.8691413,0.0,7.45791432156218,0.811894328717123
2019-10-16,1.4365456201307918,3.0078975701300315,0.4066729649798673,0.7071062168043301,1.0,-0.27399248,0.11092757,3.0209756,0.0,7.367556691254614,0.8115522690720536
2019-10-17,1.4365456201307918,3.0078975701300315,0.3944882329732696,0.7071062168043301,1.0,-0.26568624,0.23548827,2.9206126,0.0,7.207611411918174,0.815504683026762
